"","team","Goals","Assists","Shots","Shots on Goal","Saves","Penalties Scored","Penalty Kicks","Crosses","Corner Kicks","Passes","Offside","Fouls Committed","Cautions/Yellow Cards","Red Cards","Ball Possession","date","Opponent","GoalsAllowed","GameID","home_away","win_flag","gameweek_points","goal_conversion_total_shots","goal_conversion_shots_on_goal","unassisted_goals","passes_per_goal","fouls_per_yellow_card","fouls_per_red_card","goal_difference","game_week","team_gameweek_id","opp_team_gameweek_id","cumu_points","cumu_goal_difference","cumu_goals","team_standing_rank","opp_standing_rank","standing_difference","close_standing_flag","against_top_6_flag","value_point","points_lag1","points_lag2","points_lag3","opponent_standing_lag1","opponent_standing_lag2","opponent_standing_lag3"
"1","ARS",4,4,27,10,0,0,0,25,9,554,5,9,0,0,0.65,"20170811","LEI",3,"ARSvLEI20170811","home",1,3,0.148148148148148,0.4,0,138.5,Inf,Inf,1,1,"ARS-1","LEI-1",3,1,4,5,13,8,0,0,2.66666666666667,NA,NA,NA,NA,NA,NA
"2","LEI",3,3,6,3,6,0,0,26,4,173,3,12,1,0,0.35,"20170811","ARS",4,"ARSvLEI20170811","away",0,0,0.5,1,0,57.6666666666667,12,Inf,-1,1,"LEI-1","ARS-1",0,-1,3,13,5,-8,0,1,-Inf,NA,NA,NA,NA,NA,NA
"3","WAT",3,1,9,4,2,0,0,22,3,292,3,14,0,0,0.48,"20170812","LIV",3,"WATvLIV20170812","home",0,1,0.333333333333333,0.75,2,97.3333333333333,Inf,Inf,0,1,"WAT-1","LIV-1",1,0,3,9,10,1,1,0,1,NA,NA,NA,NA,NA,NA
"4","LIV",3,2,14,5,1,1,1,16,3,370,1,8,3,0,0.52,"20170812","WAT",3,"WATvLIV20170812","away",0,1,0.214285714285714,0.6,1,123.333333333333,2.66666666666667,Inf,0,1,"LIV-1","WAT-1",1,0,3,10,9,-1,1,0,-1,NA,NA,NA,NA,NA,NA
"5","CHE",2,2,19,6,2,0,0,35,8,472,2,16,3,2,0.6,"20170812","BUR",3,"CHEvBUR20170812","home",0,0,0.105263157894737,0.333333333333333,0,236,5.33333333333333,8,-1,1,"CHE-1","BUR-1",0,-1,2,14,6,-8,0,1,-Inf,NA,NA,NA,NA,NA,NA
"6","BUR",3,3,10,5,4,0,0,17,5,260,1,11,3,0,0.4,"20170812","CHE",2,"CHEvBUR20170812","away",1,3,0.3,0.6,0,86.6666666666667,3.66666666666667,Inf,1,1,"BUR-1","CHE-1",3,1,3,6,14,8,0,0,2.66666666666667,NA,NA,NA,NA,NA,NA
"7","EVE",1,1,9,4,1,0,0,22,6,416,2,13,1,0,0.58,"20170812","STK",0,"EVEvSTK20170812","home",1,3,0.111111111111111,0.25,0,416,13,Inf,1,1,"EVE-1","STK-1",3,1,1,7,15,8,0,0,2.66666666666667,NA,NA,NA,NA,NA,NA
"8","STK",0,0,9,1,3,0,0,30,7,226,6,10,1,0,0.42,"20170812","EVE",1,"EVEvSTK20170812","away",0,0,0,0,0,Inf,10,Inf,-1,1,"STK-1","EVE-1",0,-1,0,15,7,-8,0,0,-Inf,NA,NA,NA,NA,NA,NA
"9","SOU",0,0,29,2,0,0,0,37,13,457,0,10,2,0,0.57,"20170812","SWA",0,"SOUvSWA20170812","home",0,1,0,0,0,Inf,5,Inf,0,1,"SOU-1","SWA-1",1,0,0,11,12,1,1,0,1,NA,NA,NA,NA,NA,NA
"10","SWA",0,0,4,0,2,0,0,11,0,284,1,13,1,0,0.43,"20170812","SOU",0,"SOUvSWA20170812","away",0,1,0,NA,0,Inf,13,Inf,0,1,"SWA-1","SOU-1",1,0,0,12,11,-1,1,0,-1,NA,NA,NA,NA,NA,NA
"11","CRY",0,0,14,4,4,0,0,31,12,331,0,7,1,0,0.55,"20170812","HUD",3,"CRYvHUD20170812","home",0,0,0,0,0,Inf,7,Inf,-3,1,"CRY-1","HUD-1",0,-3,0,19,2,-17,0,1,-Inf,NA,NA,NA,NA,NA,NA
"12","HUD",3,2,8,6,4,0,0,20,9,217,2,19,3,0,0.45,"20170812","CRY",0,"CRYvHUD20170812","away",1,3,0.375,0.5,1,72.3333333333333,6.33333333333333,Inf,3,1,"HUD-1","CRY-1",3,3,3,2,19,17,0,0,5.66666666666667,NA,NA,NA,NA,NA,NA
"13","WBA",1,1,16,6,2,0,0,24,8,171,2,15,3,0,0.37,"20170812","BOU",0,"WBAvBOU20170812","home",1,3,0.0625,0.166666666666667,0,171,5,Inf,1,1,"WBA-1","BOU-1",3,1,1,8,16,8,0,0,2.66666666666667,NA,NA,NA,NA,NA,NA
"14","BOU",0,0,9,2,5,0,0,30,2,562,0,3,1,0,0.63,"20170812","WBA",1,"WBAvBOU20170812","away",0,0,0,0,0,Inf,3,Inf,-1,1,"BOU-1","WBA-1",0,-1,0,16,8,-8,0,0,-Inf,NA,NA,NA,NA,NA,NA
"15","BHA",0,0,6,2,3,0,0,8,3,130,6,6,0,0,0.28,"20170812","MCI",2,"BHAvMCI20170812","home",0,0,0,0,0,Inf,Inf,Inf,-2,1,"BHA-1","MCI-1",0,-2,0,17,3,-14,0,1,-Inf,NA,NA,NA,NA,NA,NA
"16","MCI",2,1,14,4,2,0,0,31,10,701,1,9,2,0,0.72,"20170812","BHA",0,"BHAvMCI20170812","away",1,3,0.142857142857143,0.5,1,350.5,4.5,Inf,2,1,"MCI-1","BHA-1",3,2,2,3,17,14,0,0,4.66666666666667,NA,NA,NA,NA,NA,NA
"17","NEW",0,0,6,3,4,0,0,19,5,190,2,6,1,1,0.32,"20170813","TOT",2,"NEWvTOT20170813","home",0,0,0,0,0,Inf,6,6,-2,1,"NEW-1","TOT-1",0,-2,0,18,4,-14,0,1,-Inf,NA,NA,NA,NA,NA,NA
"18","TOT",2,2,18,6,3,0,0,23,7,668,1,10,2,0,0.68,"20170813","NEW",0,"NEWvTOT20170813","away",1,3,0.111111111111111,0.333333333333333,0,334,5,Inf,2,1,"TOT-1","NEW-1",3,2,2,4,18,14,0,0,4.66666666666667,NA,NA,NA,NA,NA,NA
"19","MUN",4,4,22,6,1,0,0,22,11,419,1,19,2,0,0.55,"20170813","WHU",0,"MUNvWHU20170813","home",1,3,0.181818181818182,0.666666666666667,0,104.75,9.5,Inf,4,1,"MUN-1","WHU-1",3,4,4,1,20,19,0,0,6.33333333333333,NA,NA,NA,NA,NA,NA
"20","WHU",0,0,9,1,2,0,0,16,1,318,4,7,2,0,0.45,"20170813","MUN",4,"MUNvWHU20170813","away",0,0,0,0,0,Inf,3.5,Inf,-4,1,"WHU-1","MUN-1",0,-4,0,20,1,-19,0,1,-Inf,NA,NA,NA,NA,NA,NA
"21","SWA",0,0,6,1,4,0,0,25,3,343,1,12,1,0,0.42,"20170819","MUN",4,"SWAvMUN20170819","home",0,0,0,0,0,Inf,12,Inf,-4,2,"SWA-2","MUN-2",1,-4,0,15,1,-14,0,1,-Inf,1,NA,NA,11,NA,NA
"22","MUN",4,3,17,8,1,0,0,22,5,523,0,11,1,0,0.58,"20170819","SWA",0,"SWAvMUN20170819","away",1,3,0.235294117647059,0.5,1,130.75,11,Inf,4,2,"MUN-2","SWA-2",6,8,8,1,15,14,0,0,4.66666666666667,3,NA,NA,20,NA,NA
"23","LEI",2,1,14,4,2,0,0,22,6,354,1,8,1,0,0.48,"20170819","BHA",0,"LEIvBHA20170819","home",1,3,0.142857142857143,0.5,1,177,8,Inf,2,2,"LEI-2","BHA-2",3,1,5,9,18,9,0,0,3,0,NA,NA,5,NA,NA
"24","BHA",0,0,5,2,2,0,0,19,2,452,2,10,0,0,0.52,"20170819","LEI",2,"LEIvBHA20170819","away",0,0,0,0,0,Inf,Inf,Inf,-2,2,"BHA-2","LEI-2",0,-4,0,18,9,-9,0,0,-Inf,0,NA,NA,3,NA,NA
"25","LIV",1,0,23,13,1,0,0,30,4,623,2,12,1,0,0.64,"20170819","CRY",0,"LIVvCRY20170819","home",1,3,0.0434782608695652,0.0769230769230769,1,623,12,Inf,1,2,"LIV-2","CRY-2",4,1,4,6,19,13,0,0,4.33333333333333,1,NA,NA,9,NA,NA
"26","CRY",0,0,4,1,12,0,0,13,2,184,4,13,3,0,0.36,"20170819","LIV",1,"LIVvCRY20170819","away",0,0,0,0,0,Inf,4.33333333333333,Inf,-1,2,"CRY-2","LIV-2",0,-4,0,19,6,-13,0,1,-Inf,0,NA,NA,2,NA,NA
"27","SOU",3,1,14,5,6,2,2,28,7,497,1,18,1,0,0.62,"20170819","WHU",2,"SOUvWHU20170819","home",1,3,0.214285714285714,0.6,2,165.666666666667,18,Inf,1,2,"SOU-2","WHU-2",4,1,3,7,20,13,0,0,4.33333333333333,1,NA,NA,12,NA,NA
"28","WHU",2,0,16,8,2,0,0,17,2,201,0,10,1,1,0.38,"20170819","SOU",3,"SOUvWHU20170819","away",0,0,0.125,0.25,2,100.5,10,10,-1,2,"WHU-2","SOU-2",0,-5,2,20,7,-13,0,0,-Inf,0,NA,NA,1,NA,NA
"29","BUR",0,0,20,0,0,0,0,33,5,410,1,11,1,0,0.64,"20170819","WBA",1,"BURvWBA20170819","home",0,0,0,NA,0,Inf,11,Inf,-1,2,"BUR-2","WBA-2",3,0,3,13,3,-10,0,1,-Inf,3,NA,NA,14,NA,NA
"30","WBA",1,1,8,1,0,0,0,15,5,128,3,11,0,1,0.36,"20170819","BUR",0,"BURvWBA20170819","away",1,3,0.125,1,0,128,Inf,11,1,2,"WBA-2","BUR-2",6,2,2,3,13,10,0,0,3.33333333333333,3,NA,NA,16,NA,NA
"31","BOU",0,0,6,2,5,0,0,27,8,371,1,6,1,0,0.54,"20170819","WAT",2,"BOUvWAT20170819","home",0,0,0,0,0,Inf,6,Inf,-2,2,"BOU-2","WAT-2",0,-3,0,16,4,-12,0,1,-Inf,0,NA,NA,8,NA,NA
"32","WAT",2,0,19,7,2,0,0,33,5,291,7,14,3,0,0.46,"20170819","BOU",0,"BOUvWAT20170819","away",1,3,0.105263157894737,0.285714285714286,2,145.5,4.66666666666667,Inf,2,2,"WAT-2","BOU-2",4,2,5,4,16,12,0,0,4,1,NA,NA,10,NA,NA
"33","STK",1,1,11,4,6,0,0,13,2,134,4,6,0,0,0.33,"20170819","ARS",0,"STKvARS20170819","home",1,3,0.0909090909090909,0.25,0,134,Inf,Inf,1,2,"STK-2","ARS-2",3,0,1,14,11,-3,1,0,-1,0,NA,NA,7,NA,NA
"34","ARS",0,0,18,6,3,0,0,31,9,650,3,11,0,0,0.67,"20170819","STK",1,"STKvARS20170819","away",0,0,0,0,0,Inf,Inf,Inf,-1,2,"ARS-2","STK-2",3,0,4,11,14,3,1,0,Inf,3,NA,NA,13,NA,NA
"35","HUD",1,1,7,3,5,0,0,21,7,372,4,13,3,0,0.55,"20170820","NEW",0,"HUDvNEW20170820","home",1,3,0.142857142857143,0.333333333333333,0,372,4.33333333333333,Inf,1,2,"HUD-2","NEW-2",6,4,4,2,17,15,0,0,5,3,NA,NA,19,NA,NA
"36","NEW",0,0,13,5,2,0,0,19,3,312,5,10,4,0,0.45,"20170820","HUD",1,"HUDvNEW20170820","away",0,0,0,0,0,Inf,2.5,Inf,-1,2,"NEW-2","HUD-2",0,-3,0,17,2,-15,0,1,-Inf,0,NA,NA,4,NA,NA
"37","TOT",1,0,18,6,0,0,0,44,14,529,0,14,4,0,0.62,"20170820","CHE",2,"TOTvCHE20170820","home",0,0,0.0555555555555556,0.166666666666667,1,529,3.5,Inf,-1,2,"TOT-2","CHE-2",3,1,3,10,12,2,1,0,Inf,3,NA,NA,18,NA,NA
"38","CHE",2,1,9,2,6,0,0,16,3,203,0,21,3,0,0.38,"20170820","TOT",1,"TOTvCHE20170820","away",1,3,0.222222222222222,1,1,101.5,7,Inf,1,2,"CHE-2","TOT-2",3,0,4,12,10,-2,1,0,-0.666666666666667,0,NA,NA,6,NA,NA
"39","MCI",1,0,19,6,1,0,0,29,7,465,0,7,1,1,0.61,"20170821","EVE",1,"MCIvEVE20170821","home",0,1,0.0526315789473684,0.166666666666667,1,465,7,7,0,2,"MCI-2","EVE-2",4,2,3,5,8,3,1,0,3,3,NA,NA,17,NA,NA
"40","EVE",1,1,7,2,5,0,0,10,1,213,3,9,2,1,0.39,"20170821","MCI",1,"MCIvEVE20170821","away",0,1,0.142857142857143,0.5,0,213,4.5,9,0,2,"EVE-2","MCI-2",4,1,2,8,5,-3,1,1,-3,3,NA,NA,15,NA,NA
"41","BOU",1,0,9,3,6,0,0,13,2,170,0,13,5,0,0.35,"20170826","MCI",2,"BOUvMCI20170826","home",0,0,0.111111111111111,0.333333333333333,1,170,2.6,Inf,-1,3,"BOU-3","MCI-3",0,-4,1,18,4,-14,0,1,-Inf,0,0,NA,4,8,NA
"42","MCI",2,2,19,8,2,0,0,35,5,559,3,14,4,1,0.65,"20170826","BOU",1,"BOUvMCI20170826","away",1,3,0.105263157894737,0.25,0,279.5,3.5,14,1,3,"MCI-3","BOU-3",7,3,5,4,18,14,0,0,4.66666666666667,1,3,NA,8,17,NA
"43","NEW",3,3,16,8,3,0,0,26,7,176,0,17,1,0,0.39,"20170826","WHU",0,"NEWvWHU20170826","home",1,3,0.1875,0.375,0,58.6666666666667,17,Inf,3,3,"NEW-3","WHU-3",3,0,3,14,20,6,0,0,2,0,0,NA,2,4,NA
"44","WHU",0,0,8,3,5,0,0,15,5,384,2,11,3,0,0.61,"20170826","NEW",3,"NEWvWHU20170826","away",0,0,0,0,0,Inf,3.66666666666667,Inf,-3,3,"WHU-3","NEW-3",0,-8,2,20,14,-6,0,0,-Inf,0,0,NA,7,1,NA
"45","CRY",0,0,16,3,1,0,0,26,1,434,0,9,4,0,0.5,"20170826","SWA",2,"CRYvSWA20170826","home",0,0,0,0,0,Inf,2.25,Inf,-2,3,"CRY-3","SWA-3",0,-6,0,19,13,-6,0,0,-Inf,0,0,NA,6,2,NA
"46","SWA",2,2,7,3,3,0,0,5,1,381,3,6,1,0,0.5,"20170826","CRY",0,"CRYvSWA20170826","away",1,3,0.285714285714286,0.666666666666667,0,190.5,6,Inf,2,3,"SWA-3","CRY-3",4,-2,2,13,19,6,0,0,2,0,1,NA,1,11,NA
"47","WAT",0,0,8,0,2,0,0,17,3,253,0,7,0,1,0.43,"20170826","BHA",0,"WATvBHA20170826","home",0,1,0,NA,0,Inf,Inf,7,0,3,"WAT-3","BHA-3",5,2,5,7,17,10,0,0,10,3,1,NA,16,10,NA
"48","BHA",0,0,16,2,0,0,0,36,11,384,5,18,1,0,0.57,"20170826","WAT",0,"WATvBHA20170826","away",0,1,0,0,0,Inf,18,Inf,0,3,"BHA-3","WAT-3",1,-4,0,17,7,-10,0,0,-10,0,0,NA,9,3,NA
"49","HUD",0,0,16,6,2,0,0,36,5,301,0,10,0,0,0.48,"20170826","SOU",0,"HUDvSOU20170826","home",0,1,0,0,0,Inf,Inf,Inf,0,3,"HUD-3","SOU-3",7,4,4,3,8,5,0,0,5,3,3,NA,17,19,NA
"50","SOU",0,0,6,3,6,0,0,10,4,404,3,10,1,0,0.52,"20170826","HUD",0,"HUDvSOU20170826","away",0,1,0,0,0,Inf,10,Inf,0,3,"SOU-3","HUD-3",5,1,3,8,3,-5,0,1,-5,3,1,NA,20,12,NA
"51","MUN",2,2,22,7,4,0,1,46,9,596,2,8,1,0,0.65,"20170826","LEI",0,"MUNvLEI20170826","home",1,3,0.0909090909090909,0.285714285714286,0,298,8,Inf,2,3,"MUN-3","LEI-3",9,10,10,1,15,14,0,0,4.66666666666667,3,3,NA,15,20,NA
"52","LEI",0,0,11,4,5,0,0,14,3,206,3,7,2,0,0.35,"20170826","MUN",2,"MUNvLEI20170826","away",0,0,0,0,0,Inf,3.5,Inf,-2,3,"LEI-3","MUN-3",3,-1,5,15,1,-14,0,1,-Inf,3,0,NA,18,5,NA
"53","CHE",2,2,18,7,0,0,0,21,6,512,0,12,2,0,0.56,"20170827","EVE",0,"CHEvEVE20170827","home",1,3,0.111111111111111,0.285714285714286,0,256,6,Inf,2,3,"CHE-3","EVE-3",6,2,6,6,12,6,0,0,2,3,0,NA,10,6,NA
"54","EVE",0,0,7,0,5,0,0,15,3,368,0,7,2,0,0.44,"20170827","CHE",2,"CHEvEVE20170827","away",0,0,0,NA,0,Inf,3.5,Inf,-2,3,"EVE-3","CHE-3",4,-1,2,12,6,-6,0,1,-Inf,1,3,NA,5,15,NA
"55","WBA",1,1,10,2,1,0,0,37,10,267,2,10,2,0,0.43,"20170827","STK",1,"WBAvSTK20170827","home",0,1,0.1,0.5,0,267,5,Inf,0,3,"WBA-3","STK-3",7,2,3,5,11,6,0,0,6,3,3,NA,13,16,NA
"56","STK",1,0,16,2,1,0,0,26,4,403,0,9,2,0,0.57,"20170827","WBA",1,"WBAvSTK20170827","away",0,1,0.0625,0.5,1,403,4.5,Inf,0,3,"STK-3","WBA-3",4,0,2,11,5,-6,0,1,-6,3,0,NA,11,7,NA
"57","LIV",4,3,18,10,0,0,0,20,4,438,3,6,2,0,0.51,"20170827","ARS",0,"LIVvARS20170827","home",1,3,0.222222222222222,0.4,1,109.5,3,Inf,4,3,"LIV-3","ARS-3",7,5,8,2,16,14,0,0,4.66666666666667,3,1,NA,19,9,NA
"58","ARS",0,0,8,0,6,0,0,9,3,448,5,9,4,0,0.49,"20170827","LIV",4,"LIVvARS20170827","away",0,0,0,NA,0,Inf,2.25,Inf,-4,3,"ARS-3","LIV-3",3,-4,4,16,2,-14,0,1,-Inf,0,3,NA,14,13,NA
"59","TOT",1,0,28,5,2,0,0,33,10,514,1,9,0,0,0.66,"20170827","BUR",1,"TOTvBUR20170827","home",0,1,0.0357142857142857,0.2,1,514,Inf,Inf,0,3,"TOT-3","BUR-3",4,1,4,9,10,1,1,0,1,0,3,NA,12,18,NA
"60","BUR",1,1,13,3,4,0,0,21,7,210,6,9,0,0,0.34,"20170827","TOT",1,"TOTvBUR20170827","away",0,1,0.0769230769230769,0.333333333333333,0,210,Inf,Inf,0,3,"BUR-3","TOT-3",4,0,4,10,9,-1,1,0,-1,0,3,NA,3,14,NA
"61","MCI",5,5,13,10,3,0,0,28,8,685,5,10,2,0,0.62,"20170909","LIV",0,"MCIvLIV20170909","home",1,3,0.384615384615385,0.5,0,137,5,Inf,5,4,"MCI-4","LIV-4",10,8,10,2,8,6,0,0,2,3,1,3,18,8,17
"62","LIV",0,0,7,3,5,0,0,11,3,317,2,9,2,1,0.38,"20170909","MCI",5,"MCIvLIV20170909","away",0,0,0,0,0,Inf,4.5,9,-5,4,"LIV-4","MCI-4",7,0,8,8,2,-6,0,1,-Inf,3,3,1,16,19,9
"63","ARS",3,3,17,9,2,0,0,21,10,492,4,14,0,0,0.52,"20170909","BOU",0,"ARSvBOU20170909","home",1,3,0.176470588235294,0.333333333333333,0,164,Inf,Inf,3,4,"ARS-4","BOU-4",6,-1,7,11,19,8,0,0,2.66666666666667,0,0,3,2,14,13
"64","BOU",0,0,7,2,6,0,0,25,3,315,0,10,1,0,0.48,"20170909","ARS",3,"ARSvBOU20170909","away",0,0,0,0,0,Inf,10,Inf,-3,4,"BOU-4","ARS-4",0,-7,1,19,11,-8,0,0,-Inf,0,0,0,4,4,8
"65","EVE",0,0,12,1,3,0,0,30,7,385,4,14,3,0,0.49,"20170909","TOT",3,"EVEvTOT20170909","home",0,0,0,0,0,Inf,4.66666666666667,Inf,-3,4,"EVE-4","TOT-4",4,-4,2,16,5,-11,0,1,-Inf,0,1,3,6,5,15
"66","TOT",3,2,15,6,1,0,0,27,3,407,3,14,1,0,0.51,"20170909","EVE",0,"EVEvTOT20170909","away",1,3,0.2,0.5,1,135.666666666667,14,Inf,3,4,"TOT-4","EVE-4",7,4,7,5,16,11,0,0,3.66666666666667,1,0,3,10,12,18
"67","LEI",1,0,8,2,4,1,1,26,2,286,1,11,1,0,0.42,"20170909","CHE",2,"LEIvCHE20170909","home",0,0,0.125,0.5,1,286,11,Inf,-1,4,"LEI-4","CHE-4",3,-2,6,17,3,-14,0,1,-Inf,0,3,0,1,18,5
"68","CHE",2,2,16,6,1,0,0,26,9,466,3,8,0,0,0.58,"20170909","LEI",1,"LEIvCHE20170909","away",1,3,0.125,0.333333333333333,0,233,Inf,Inf,1,4,"CHE-4","LEI-4",9,3,8,3,17,14,0,0,4.66666666666667,3,3,0,12,10,6
"69","SOU",0,0,9,1,1,0,0,27,7,329,2,8,0,0,0.52,"20170909","WAT",2,"SOUvWAT20170909","home",0,0,0,0,0,Inf,Inf,Inf,-2,4,"SOU-4","WAT-4",5,-1,3,13,4,-9,0,1,-Inf,1,3,1,3,20,12
"70","WAT",2,2,12,3,1,0,0,18,4,287,1,11,0,0,0.48,"20170909","SOU",0,"SOUvWAT20170909","away",1,3,0.166666666666667,0.666666666666667,0,143.5,Inf,Inf,2,4,"WAT-4","SOU-4",8,4,7,4,13,9,0,0,3,1,3,1,17,16,10
"71","BHA",3,3,12,6,2,0,0,16,2,376,1,9,2,0,0.47,"20170909","WBA",1,"BHAvWBA20170909","home",1,3,0.25,0.5,0,125.333333333333,4.5,Inf,2,4,"BHA-4","WBA-4",4,-2,3,14,9,-5,0,0,-1.66666666666667,1,0,0,7,9,3
"72","WBA",1,1,12,3,3,0,0,33,6,392,1,4,0,0,0.53,"20170909","BHA",3,"BHAvWBA20170909","away",0,0,0.0833333333333333,0.333333333333333,0,392,Inf,Inf,-2,4,"WBA-4","BHA-4",7,0,4,9,14,5,0,0,Inf,1,3,3,11,13,16
"73","STK",2,2,10,5,6,0,0,16,5,256,1,10,0,0,0.4,"20170909","MUN",2,"STKvMUN20170909","home",0,1,0.2,0.4,0,128,Inf,Inf,0,4,"STK-4","MUN-4",5,0,4,12,1,-11,0,1,-11,1,3,0,5,11,7
"74","MUN",2,1,18,8,3,0,0,40,11,523,4,10,0,0,0.6,"20170909","STK",2,"STKvMUN20170909","away",0,1,0.111111111111111,0.25,1,261.5,Inf,Inf,0,4,"MUN-4","STK-4",10,10,12,1,12,11,0,0,11,3,3,3,15,15,20
"75","BUR",1,0,4,2,3,0,0,16,3,163,8,8,1,0,0.38,"20170910","CRY",0,"BURvCRY20170910","home",1,3,0.25,0.5,1,163,8,Inf,1,4,"BUR-4","CRY-4",7,1,5,7,20,13,0,0,4.33333333333333,1,0,3,9,3,14
"76","CRY",0,0,23,5,1,0,0,38,13,369,1,14,1,0,0.62,"20170910","BUR",1,"BURvCRY20170910","away",0,0,0,0,0,Inf,14,Inf,-1,4,"CRY-4","BUR-4",0,-7,0,20,7,-13,0,0,-Inf,0,0,0,13,6,2
"77","SWA",0,0,10,4,7,0,0,33,7,457,1,11,2,0,0.6,"20170910","NEW",1,"SWAvNEW20170910","home",0,0,0,0,0,Inf,5.5,Inf,-1,4,"SWA-4","NEW-4",4,-3,2,15,10,-5,0,0,-Inf,3,0,1,19,1,11
"78","NEW",1,1,16,8,3,0,0,20,5,247,0,15,3,0,0.4,"20170910","SWA",0,"SWAvNEW20170910","away",1,3,0.0625,0.125,0,247,5,Inf,1,4,"NEW-4","SWA-4",6,1,4,10,15,5,0,0,1.66666666666667,3,0,0,20,2,4
"79","WHU",2,1,19,3,2,0,0,36,10,238,0,11,1,0,0.44,"20170911","HUD",0,"WHUvHUD20170911","home",1,3,0.105263157894737,0.666666666666667,1,119,11,Inf,2,4,"WHU-4","HUD-4",3,-6,4,18,6,-12,0,1,-4,0,0,0,14,7,1
"80","HUD",0,0,10,2,1,0,0,19,3,355,1,14,2,0,0.56,"20170911","WHU",2,"WHUvHUD20170911","away",0,0,0,0,0,Inf,7,Inf,-2,4,"HUD-4","WHU-4",7,2,4,6,18,12,0,0,Inf,1,3,3,8,17,19
"81","BOU",2,2,15,3,0,0,0,21,6,575,1,5,0,0,0.63,"20170915","BHA",1,"BOUvBHA20170915","home",1,3,0.133333333333333,0.666666666666667,0,287.5,Inf,Inf,1,5,"BOU-5","BHA-5",3,-6,3,19,16,-3,1,0,-1,0,0,0,11,4,4
"82","BHA",1,1,9,2,1,0,0,16,4,298,1,12,0,0,0.37,"20170915","BOU",2,"BOUvBHA20170915","away",0,0,0.111111111111111,0.5,0,298,Inf,Inf,-1,5,"BHA-5","BOU-5",4,-3,4,16,19,3,1,0,Inf,3,1,0,9,7,9
"83","CRY",0,0,14,3,3,0,0,32,5,327,0,14,5,0,0.46,"20170916","SOU",1,"CRYvSOU20170916","home",0,0,0,0,0,Inf,2.8,Inf,-1,5,"CRY-5","SOU-5",0,-8,0,20,9,-11,0,0,-Inf,0,0,0,7,13,6
"84","SOU",1,0,13,4,3,0,0,26,5,417,1,13,1,0,0.54,"20170916","CRY",0,"CRYvSOU20170916","away",1,3,0.0769230769230769,0.25,1,417,13,Inf,1,5,"SOU-5","CRY-5",8,0,4,9,20,11,0,0,3.66666666666667,0,1,3,4,3,20
"85","LIV",1,1,35,9,2,0,0,47,12,615,1,7,1,0,0.75,"20170916","BUR",1,"LIVvBUR20170916","home",0,1,0.0285714285714286,0.111111111111111,0,615,7,Inf,0,5,"LIV-5","BUR-5",8,0,9,8,7,-1,1,0,-1,0,3,3,2,16,19
"86","BUR",1,0,5,4,8,0,0,8,2,173,5,9,2,0,0.25,"20170916","LIV",1,"LIVvBUR20170916","away",0,1,0.2,0.25,1,173,4.5,Inf,0,5,"BUR-5","LIV-5",8,1,6,7,8,1,1,0,1,3,1,0,20,9,3
"87","NEW",2,2,14,3,3,0,0,19,7,225,2,13,3,0,0.44,"20170916","STK",1,"NEWvSTK20170916","home",1,3,0.142857142857143,0.666666666666667,0,112.5,4.33333333333333,Inf,1,5,"NEW-5","STK-5",9,2,6,4,13,9,0,0,3,3,3,0,15,20,2
"88","STK",1,1,13,4,1,0,0,22,5,346,1,11,1,0,0.56,"20170916","NEW",2,"NEWvSTK20170916","away",0,0,0.0769230769230769,0.25,0,346,11,Inf,-1,5,"STK-5","NEW-5",5,-1,5,13,4,-9,0,1,-Inf,1,1,3,1,5,11
"89","WAT",0,0,6,1,4,0,0,12,3,237,2,8,2,0,0.37,"20170916","MCI",6,"WATvMCI20170916","home",0,0,0,0,0,Inf,4,Inf,-6,5,"WAT-5","MCI-5",8,-2,7,11,1,-10,0,1,-Inf,3,1,3,13,17,16
"90","MCI",6,5,29,10,1,1,1,30,11,602,0,7,0,0,0.63,"20170916","WAT",0,"WATvMCI20170916","away",1,3,0.206896551724138,0.6,1,100.333333333333,Inf,Inf,6,5,"MCI-5","WAT-5",13,14,16,1,11,10,0,0,3.33333333333333,3,3,1,8,18,8
"91","WBA",0,0,6,1,1,0,0,15,2,236,3,15,2,0,0.4,"20170916","WHU",0,"WBAvWHU20170916","home",0,1,0,0,0,Inf,7.5,Inf,0,5,"WBA-5","WHU-5",8,0,4,10,17,7,0,0,7,0,1,3,14,11,13
"92","WHU",0,0,9,1,1,0,0,32,3,451,2,7,2,0,0.6,"20170916","WBA",0,"WBAvWHU20170916","away",0,1,0,0,0,Inf,3.5,Inf,0,5,"WHU-5","WBA-5",4,-6,4,17,10,-7,0,0,-7,3,0,0,6,14,7
"93","HUD",1,1,15,3,0,0,0,43,8,415,3,6,1,0,0.57,"20170916","LEI",1,"HUDvLEI20170916","home",0,1,0.0666666666666667,0.333333333333333,0,415,6,Inf,0,5,"HUD-5","LEI-5",8,2,5,6,15,9,0,0,9,0,1,3,18,8,17
"94","LEI",1,0,10,1,2,1,1,14,4,263,1,6,1,0,0.43,"20170916","HUD",1,"HUDvLEI20170916","away",0,1,0.1,1,1,263,6,Inf,0,5,"LEI-5","HUD-5",4,-2,7,15,6,-9,0,1,-9,0,0,3,3,1,18
"95","TOT",0,0,26,8,0,0,0,53,11,686,0,11,1,0,0.67,"20170916","SWA",0,"TOTvSWA20170916","home",0,1,0,0,0,Inf,11,Inf,0,5,"TOT-5","SWA-5",8,4,7,5,14,9,0,0,9,3,1,0,16,10,12
"96","SWA",0,0,4,0,8,0,0,10,1,165,0,9,3,0,0.33,"20170916","TOT",0,"TOTvSWA20170916","away",0,1,0,NA,0,Inf,3,Inf,0,5,"SWA-5","TOT-5",5,-3,2,14,5,-9,0,1,-9,0,3,0,10,19,1
"97","CHE",0,0,13,4,2,0,0,19,5,426,4,11,2,1,0.54,"20170917","ARS",0,"CHEvARS20170917","home",0,1,0,0,0,Inf,5.5,11,0,5,"CHE-5","ARS-5",10,3,8,3,12,9,0,0,9,3,3,3,17,12,10
"98","ARS",0,0,11,2,4,0,0,11,1,426,2,15,3,0,0.46,"20170917","CHE",0,"CHEvARS20170917","away",0,1,0,0,0,Inf,5,Inf,0,5,"ARS-5","CHE-5",7,-1,7,12,3,-9,0,1,-9,3,0,0,19,2,14
"99","MUN",4,3,16,7,3,1,1,30,4,422,2,15,1,0,0.5,"20170917","EVE",0,"MUNvEVE20170917","home",1,3,0.25,0.571428571428571,1,105.5,15,Inf,4,5,"MUN-5","EVE-5",13,14,16,2,18,16,0,0,5.33333333333333,1,3,3,12,15,15
"100","EVE",0,0,7,3,3,0,0,13,1,440,3,14,1,0,0.5,"20170917","MUN",4,"MUNvEVE20170917","away",0,0,0,0,0,Inf,14,Inf,-4,5,"EVE-5","MUN-5",4,-8,2,18,2,-16,0,1,-Inf,0,0,1,5,6,5
"101","WHU",2,2,10,4,2,0,0,30,4,296,6,10,4,0,0.5,"20170923","TOT",3,"WHUvTOT20170923","home",0,0,0.2,0.5,0,148,2.5,Inf,-1,6,"WHU-6","TOT-6",4,-7,6,18,4,-14,0,1,-Inf,1,3,0,10,6,14
"102","TOT",3,1,15,5,2,0,0,18,3,332,5,20,2,1,0.5,"20170923","WHU",2,"WHUvTOT20170923","away",1,3,0.2,0.6,2,110.666666666667,10,20,1,6,"TOT-6","WHU-6",11,5,10,4,18,14,0,0,4.66666666666667,1,3,1,14,16,10
"103","EVE",2,1,12,4,3,0,0,27,4,372,3,12,3,0,0.48,"20170923","BOU",1,"EVEvBOU20170923","home",1,3,0.166666666666667,0.5,1,186,4,Inf,1,6,"EVE-6","BOU-6",7,-7,4,14,19,5,0,0,1.66666666666667,0,0,0,2,5,6
"104","BOU",1,1,8,4,1,0,0,23,6,354,1,11,1,0,0.52,"20170923","EVE",2,"EVEvBOU20170923","away",0,0,0.125,0.25,0,354,11,Inf,-1,6,"BOU-6","EVE-6",3,-7,4,19,14,-5,0,0,-Inf,3,0,0,16,11,4
"105","MCI",5,5,25,9,0,0,0,41,8,682,0,6,3,0,0.65,"20170923","CRY",0,"MCIvCRY20170923","home",1,3,0.2,0.555555555555556,0,136.4,2,Inf,5,6,"MCI-6","CRY-6",16,19,21,1,20,19,0,0,6.33333333333333,3,3,3,11,8,18
"106","CRY",0,0,5,0,4,0,0,12,2,224,1,7,1,0,0.35,"20170923","MCI",5,"MCIvCRY20170923","away",0,0,0,NA,0,Inf,7,Inf,-5,6,"CRY-6","MCI-6",0,-13,0,20,1,-19,0,1,-Inf,0,0,0,9,7,13
"107","SOU",0,0,14,4,3,0,0,31,8,472,3,11,1,0,0.6,"20170923","MUN",1,"SOUvMUN20170923","home",0,0,0,0,0,Inf,11,Inf,-1,6,"SOU-6","MUN-6",8,-1,4,11,2,-9,0,1,-Inf,3,0,1,20,4,3
"108","MUN",1,0,9,4,3,0,0,11,4,303,2,10,4,0,0.4,"20170923","SOU",0,"SOUvMUN20170923","away",1,3,0.111111111111111,0.25,1,303,2.5,Inf,1,6,"MUN-6","SOU-6",16,15,17,2,11,9,0,0,3,3,1,3,18,12,15
"109","BUR",0,0,5,3,2,0,0,14,3,358,5,9,3,0,0.5,"20170923","HUD",0,"BURvHUD20170923","home",0,1,0,0,0,Inf,3,Inf,0,6,"BUR-6","HUD-6",9,1,6,9,8,-1,1,0,-1,1,3,1,8,20,9
"110","HUD",0,0,9,2,3,0,0,18,4,350,4,13,2,0,0.5,"20170923","BUR",0,"BURvHUD20170923","away",0,1,0,0,0,Inf,6.5,Inf,0,6,"HUD-6","BUR-6",9,2,5,8,9,1,1,0,1,1,0,1,15,18,8
"111","STK",0,0,13,2,0,0,0,32,5,348,0,5,2,0,0.46,"20170923","CHE",4,"STKvCHE20170923","home",0,0,0,0,0,Inf,2.5,Inf,-4,6,"STK-6","CHE-6",5,-5,5,16,3,-13,0,1,-Inf,0,1,1,4,1,5
"112","CHE",4,3,7,4,2,0,0,5,0,466,1,14,2,0,0.54,"20170923","STK",0,"STKvCHE20170923","away",1,3,0.571428571428571,1,1,116.5,7,Inf,4,6,"CHE-6","STK-6",13,7,12,3,16,13,0,0,4.33333333333333,1,3,3,12,17,12
"113","SWA",1,0,10,3,2,0,0,32,5,361,0,9,1,0,0.5,"20170923","WAT",2,"SWAvWAT20170923","home",0,0,0.1,0.333333333333333,1,361,9,Inf,-1,6,"SWA-6","WAT-6",5,-4,3,15,6,-9,0,1,-Inf,1,0,3,5,10,19
"114","WAT",2,1,8,4,2,0,0,19,4,358,3,16,3,0,0.5,"20170923","SWA",1,"SWAvWAT20170923","away",1,3,0.25,0.5,1,179,5.33333333333333,Inf,1,6,"WAT-6","SWA-6",11,-1,9,6,15,9,0,0,3,0,3,1,1,13,17
"115","LEI",2,1,12,7,3,0,1,27,3,266,4,13,3,0,0.47,"20170923","LIV",3,"LEIvLIV20170923","home",0,0,0.166666666666667,0.285714285714286,1,133,4.33333333333333,Inf,-1,6,"LEI-6","LIV-6",4,-3,9,17,5,-12,0,1,-Inf,1,0,0,6,3,1
"116","LIV",3,2,23,6,5,0,0,18,6,365,1,14,3,0,0.53,"20170923","LEI",2,"LEIvLIV20170923","away",1,3,0.130434782608696,0.5,1,121.666666666667,4.66666666666667,Inf,1,6,"LIV-6","LEI-6",11,1,12,5,17,12,0,0,4,1,0,3,7,2,16
"117","BHA",1,1,7,3,5,0,0,30,2,354,1,6,2,0,0.5,"20170924","NEW",0,"BHAvNEW20170924","home",1,3,0.142857142857143,0.333333333333333,0,354,3,Inf,1,6,"BHA-6","NEW-6",7,-2,5,13,10,-3,1,0,-1,0,3,1,19,9,7
"118","NEW",0,0,17,5,2,0,0,27,8,396,0,8,1,0,0.5,"20170924","BHA",1,"BHAvNEW20170924","away",0,0,0,0,0,Inf,8,Inf,-1,6,"NEW-6","BHA-6",9,1,6,10,13,3,1,0,Inf,3,3,3,13,15,20
"119","ARS",2,0,16,6,2,1,1,22,7,558,0,8,1,0,0.65,"20170925","WBA",0,"ARSvWBA20170925","home",1,3,0.125,0.333333333333333,2,279,8,Inf,2,6,"ARS-6","WBA-6",10,1,9,7,12,5,0,0,1.66666666666667,1,3,0,3,19,2
"120","WBA",0,0,7,3,4,0,0,17,4,202,0,17,4,0,0.35,"20170925","ARS",2,"ARSvWBA20170925","away",0,0,0,0,0,Inf,4.25,Inf,-2,6,"WBA-6","ARS-6",8,-2,4,12,7,-5,0,0,-Inf,1,0,1,17,14,11
"121","HUD",0,0,6,1,3,0,0,23,4,295,4,7,1,0,0.43,"20170930","TOT",4,"HUDvTOT20170930","home",0,0,0,0,0,Inf,7,Inf,-4,7,"HUD-7","TOT-7",9,-2,5,11,3,-8,0,1,-Inf,1,1,0,9,15,18
"122","TOT",4,3,14,7,1,0,0,24,7,485,2,4,1,0,0.57,"20170930","HUD",0,"HUDvTOT20170930","away",1,3,0.285714285714286,0.571428571428571,1,121.25,4,Inf,4,7,"TOT-7","HUD-7",14,9,14,3,11,8,0,0,2.66666666666667,3,1,3,18,14,16
"123","MUN",4,4,18,7,1,0,0,24,6,507,2,6,0,0,0.56,"20170930","CRY",0,"MUNvCRY20170930","home",1,3,0.222222222222222,0.571428571428571,0,126.75,Inf,Inf,4,7,"MUN-7","CRY-7",19,19,21,2,20,18,0,0,6,3,3,1,11,18,12
"124","CRY",0,0,6,1,3,0,0,28,5,326,1,9,0,0,0.44,"20170930","MUN",4,"MUNvCRY20170930","away",0,0,0,0,0,Inf,Inf,Inf,-4,7,"CRY-7","MUN-7",0,-17,0,20,2,-18,0,1,-Inf,0,0,0,1,9,7
"125","WHU",1,1,9,4,1,0,0,28,2,321,1,15,3,0,0.47,"20170930","SWA",0,"WHUvSWA20170930","home",1,3,0.111111111111111,0.25,0,321,5,Inf,1,7,"WHU-7","SWA-7",7,-6,7,15,18,3,1,0,1,0,1,3,4,10,6
"126","SWA",0,0,6,1,3,0,0,20,1,455,0,13,2,0,0.53,"20170930","WHU",1,"WHUvSWA20170930","away",0,0,0,0,0,Inf,6.5,Inf,-1,7,"SWA-7","WHU-7",5,-5,3,18,15,-3,1,0,-Inf,0,1,0,6,5,10
"127","WBA",2,1,9,4,1,0,0,21,7,210,1,12,3,0,0.4,"20170930","WAT",2,"WBAvWAT20170930","home",0,1,0.222222222222222,0.5,1,105,4,Inf,0,7,"WBA-7","WAT-7",9,-2,6,10,8,-2,1,0,-2,0,1,0,7,17,14
"128","WAT",2,2,15,3,2,0,0,35,6,478,1,11,0,0,0.6,"20170930","WBA",2,"WBAvWAT20170930","away",0,1,0.133333333333333,0.666666666666667,0,239,Inf,Inf,0,7,"WAT-7","WBA-7",12,-1,11,8,10,2,1,0,2,3,0,3,15,1,13
"129","STK",2,2,17,6,2,0,1,17,5,184,1,11,1,0,0.33,"20170930","SOU",1,"STKvSOU20170930","home",1,3,0.117647058823529,0.333333333333333,0,92,11,Inf,1,7,"STK-7","SOU-7",8,-4,7,13,12,-1,1,0,-0.333333333333333,0,0,1,3,4,1
"130","SOU",1,1,21,3,4,0,0,26,6,558,3,10,2,0,0.67,"20170930","STK",2,"STKvSOU20170930","away",0,0,0.0476190476190476,0.333333333333333,0,558,5,Inf,-1,7,"SOU-7","STK-7",8,-2,5,12,13,1,1,0,Inf,0,3,0,2,20,4
"131","BOU",0,0,19,4,1,0,0,33,7,445,1,6,1,0,0.64,"20170930","LEI",0,"BOUvLEI20170930","home",0,1,0,0,0,Inf,6,Inf,0,7,"BOU-7","LEI-7",4,-7,4,19,17,-2,1,0,-2,0,3,0,14,16,11
"132","LEI",0,0,8,1,4,0,0,19,5,231,3,10,0,0,0.36,"20170930","BOU",0,"BOUvLEI20170930","away",0,1,0,0,0,Inf,Inf,Inf,0,7,"LEI-7","BOU-7",5,-3,9,17,19,2,1,0,2,0,1,0,5,6,3
"133","CHE",0,0,4,2,4,0,0,15,4,347,8,8,0,0,0.4,"20170930","MCI",1,"CHEvMCI20170930","home",0,0,0,0,0,Inf,Inf,Inf,-1,7,"CHE-7","MCI-7",13,6,12,4,1,-3,1,1,-Inf,3,1,3,16,12,17
"134","MCI",1,1,17,6,2,0,0,25,8,588,0,13,2,0,0.6,"20170930","CHE",0,"CHEvMCI20170930","away",1,3,0.0588235294117647,0.166666666666667,0,588,6.5,Inf,1,7,"MCI-7","CHE-7",19,20,22,1,4,3,1,1,1,3,3,3,20,11,8
"135","ARS",2,1,25,11,1,0,0,19,6,631,2,7,0,0,0.61,"20171001","BHA",0,"ARSvBHA20171001","home",1,3,0.08,0.181818181818182,1,315.5,Inf,Inf,2,7,"ARS-7","BHA-7",13,3,11,5,14,9,0,0,3,3,1,3,12,3,19
"136","BHA",0,0,9,1,6,0,0,22,5,290,3,8,2,0,0.39,"20171001","ARS",2,"ARSvBHA20171001","away",0,0,0,0,0,Inf,4,Inf,-2,7,"BHA-7","ARS-7",7,-4,5,14,5,-9,0,1,-Inf,3,0,3,10,19,9
"137","EVE",0,0,23,4,1,0,0,42,9,412,1,14,2,0,0.58,"20171001","BUR",1,"EVEvBUR20171001","home",0,0,0,0,0,Inf,7,Inf,-1,7,"EVE-7","BUR-7",7,-8,4,16,6,-10,0,1,-Inf,3,0,0,19,2,5
"138","BUR",1,1,5,2,4,0,0,20,3,194,1,7,2,0,0.42,"20171001","EVE",0,"EVEvBUR20171001","away",1,3,0.2,0.5,0,194,3.5,Inf,1,7,"BUR-7","EVE-7",12,2,7,6,16,10,0,0,3.33333333333333,1,1,3,8,8,20
"139","NEW",1,0,8,5,1,0,0,10,1,210,1,11,1,0,0.35,"20171001","LIV",1,"NEWvLIV20171001","home",0,1,0.125,0.2,1,210,11,Inf,0,7,"NEW-7","LIV-7",10,1,7,9,7,-2,1,0,-2,0,3,3,13,13,15
"140","LIV",1,0,17,2,4,0,0,30,5,553,2,6,1,0,0.65,"20171001","NEW",1,"NEWvLIV20171001","away",0,1,0.0588235294117647,0.5,1,553,6,Inf,0,7,"LIV-7","NEW-7",12,1,13,7,9,2,1,0,2,3,1,0,17,7,2
"141","LIV",0,0,19,5,1,0,0,34,7,540,3,7,0,0,0.59,"20171014","MUN",0,"LIVvMUN20171014","home",0,1,0,0,0,Inf,Inf,Inf,0,8,"LIV-8","MUN-8",13,1,13,8,2,-6,0,1,-6,1,3,1,9,17,7
"142","MUN",0,0,6,1,5,0,0,15,3,282,1,13,2,0,0.41,"20171014","LIV",0,"LIVvMUN20171014","away",0,1,0,0,0,Inf,6.5,Inf,0,8,"MUN-8","LIV-8",20,19,21,2,8,6,0,0,6,3,3,3,20,11,18
"143","MCI",7,7,20,11,0,0,0,32,5,834,2,5,0,0,0.72,"20171014","STK",2,"MCIvSTK20171014","home",1,3,0.35,0.636363636363636,0,119.142857142857,Inf,Inf,5,8,"MCI-8","STK-8",22,25,29,1,17,16,0,0,5.33333333333333,3,3,3,4,20,11
"144","STK",2,1,5,1,4,0,0,2,0,166,1,8,1,0,0.28,"20171014","MCI",7,"MCIvSTK20171014","away",0,0,0.4,2,1,83,8,Inf,-5,8,"STK-8","MCI-8",8,-9,9,17,1,-16,0,1,-Inf,3,0,0,12,3,4
"145","TOT",1,0,18,6,1,0,0,40,9,644,3,9,1,0,0.69,"20171014","BOU",0,"TOTvBOU20171014","home",1,3,0.0555555555555556,0.166666666666667,1,644,9,Inf,1,8,"TOT-8","BOU-8",17,10,15,3,19,16,0,0,5.33333333333333,3,3,1,11,18,14
"146","BOU",0,0,5,1,5,0,0,14,5,186,1,7,3,0,0.31,"20171014","TOT",1,"TOTvBOU20171014","away",0,0,0,0,0,Inf,2.33333333333333,Inf,-1,8,"BOU-8","TOT-8",4,-8,4,19,3,-16,0,1,-Inf,1,0,3,17,14,16
"147","CRY",2,2,14,5,4,0,0,16,5,349,1,7,2,0,0.47,"20171014","CHE",1,"CRYvCHE20171014","home",1,3,0.142857142857143,0.4,0,174.5,3.5,Inf,1,8,"CRY-8","CHE-8",3,-16,2,20,5,-15,0,1,-5,0,0,0,2,1,9
"148","CHE",1,1,15,5,4,0,0,24,8,480,6,6,1,0,0.53,"20171014","CRY",2,"CRYvCHE20171014","away",0,0,0.0666666666666667,0.2,0,480,6,Inf,-1,8,"CHE-8","CRY-8",13,5,13,5,20,15,0,0,Inf,0,3,1,1,16,12
"149","BUR",1,1,20,5,5,0,0,37,7,400,2,11,2,0,0.55,"20171014","WHU",1,"BURvWHU20171014","home",0,1,0.05,0.2,0,400,5.5,Inf,0,8,"BUR-8","WHU-8",13,2,8,7,15,8,0,0,8,3,1,1,16,8,8
"150","WHU",1,1,8,6,4,0,0,9,4,206,1,14,2,1,0.45,"20171014","BUR",1,"BURvWHU20171014","away",0,1,0.125,0.166666666666667,0,206,7,14,0,8,"WHU-8","BUR-8",8,-6,8,15,7,-8,0,0,-8,3,0,1,18,4,10
"151","SWA",2,2,7,3,2,0,0,20,5,298,1,12,1,0,0.41,"20171014","HUD",0,"SWAvHUD20171014","home",1,3,0.285714285714286,0.666666666666667,0,149,12,Inf,2,8,"SWA-8","HUD-8",8,-3,5,13,12,-1,1,0,-0.333333333333333,0,0,1,15,6,5
"152","HUD",0,0,7,2,1,0,0,23,3,463,0,16,5,0,0.59,"20171014","SWA",2,"SWAvHUD20171014","away",0,0,0,0,0,Inf,3.2,Inf,-2,8,"HUD-8","SWA-8",9,-4,5,12,13,1,1,0,Inf,0,1,1,3,9,15
"153","WAT",2,0,11,3,5,1,1,31,2,383,1,8,1,0,0.51,"20171014","ARS",1,"WATvARS20171014","home",1,3,0.181818181818182,0.666666666666667,2,191.5,8,Inf,1,8,"WAT-8","ARS-8",15,0,13,4,6,2,1,1,0.666666666666667,1,3,0,10,15,1
"154","ARS",1,1,9,6,1,0,0,18,5,460,0,10,0,0,0.49,"20171014","WAT",2,"WATvARS20171014","away",0,0,0.111111111111111,0.166666666666667,0,460,Inf,Inf,-1,8,"ARS-8","WAT-8",13,2,12,6,4,-2,1,1,-Inf,3,3,1,14,12,3
"155","BHA",1,1,12,3,5,0,0,30,7,298,5,12,4,0,0.49,"20171015","EVE",1,"BHAvEVE20171015","home",0,1,0.0833333333333333,0.333333333333333,0,298,3,Inf,0,8,"BHA-8","EVE-8",8,-4,6,14,16,2,1,0,2,0,3,0,5,10,19
"156","EVE",1,0,13,6,2,1,1,20,1,370,1,10,1,0,0.51,"20171015","BHA",1,"BHAvEVE20171015","away",0,1,0.0769230769230769,0.166666666666667,1,370,10,Inf,0,8,"EVE-8","BHA-8",8,-8,5,16,14,-2,1,0,-2,0,3,0,6,19,2
"157","SOU",2,1,12,2,2,1,1,24,3,509,1,11,1,0,0.6,"20171015","NEW",2,"SOUvNEW20171015","home",0,1,0.166666666666667,1,1,254.5,11,Inf,0,8,"SOU-8","NEW-8",9,-2,7,11,9,-2,1,0,-2,0,0,3,13,2,20
"158","NEW",2,0,19,5,0,0,0,29,8,264,0,12,2,0,0.4,"20171015","SOU",2,"SOUvNEW20171015","away",0,1,0.105263157894737,0.4,2,132,6,Inf,0,8,"NEW-8","SOU-8",11,1,9,9,11,2,1,0,2,1,0,3,7,13,13
"159","LEI",1,1,11,3,0,0,0,35,4,386,1,13,2,0,0.55,"20171016","WBA",1,"LEIvWBA20171016","home",0,1,0.0909090909090909,0.333333333333333,0,386,6.5,Inf,0,8,"LEI-8","WBA-8",6,-3,10,18,10,-8,0,0,-8,1,0,1,19,5,6
"160","WBA",1,0,5,1,2,0,0,14,1,276,1,6,2,0,0.45,"20171016","LEI",1,"LEIvWBA20171016","away",0,1,0.2,1,1,276,3,Inf,0,8,"WBA-8","LEI-8",10,-2,7,10,18,8,0,0,8,1,0,1,8,7,17
"161","WHU",0,0,16,2,2,0,0,46,10,547,3,5,1,0,0.65,"20171020","BHA",3,"WHUvBHA20171020","home",0,0,0,0,0,Inf,5,Inf,-3,9,"WHU-9","BHA-9",8,-9,8,16,12,-4,0,0,-Inf,1,3,0,7,18,4
"162","BHA",3,2,7,5,2,1,1,10,3,254,1,13,0,0,0.35,"20171020","WHU",0,"WHUvBHA20171020","away",1,3,0.428571428571429,0.6,1,84.6666666666667,Inf,Inf,3,9,"BHA-9","WHU-9",11,-1,9,12,16,4,0,0,1.33333333333333,1,0,3,16,5,10
"163","CHE",4,3,14,8,3,0,0,19,6,387,6,13,2,0,0.54,"20171021","WAT",2,"CHEvWAT20171021","home",1,3,0.285714285714286,0.5,1,96.75,6.5,Inf,2,9,"CHE-9","WAT-9",16,7,17,4,6,2,1,1,0.666666666666667,0,0,3,20,1,16
"164","WAT",2,1,16,5,4,0,0,30,6,332,3,16,3,0,0.46,"20171021","CHE",4,"CHEvWAT20171021","away",0,0,0.125,0.4,1,166,5.33333333333333,Inf,-2,9,"WAT-9","CHE-9",15,-2,15,6,4,-2,1,1,-Inf,3,1,3,6,10,15
"165","MCI",3,2,15,10,0,1,1,25,4,764,1,10,2,0,0.72,"20171021","BUR",0,"MCIvBUR20171021","home",1,3,0.2,0.3,1,254.666666666667,5,Inf,3,9,"MCI-9","BUR-9",25,28,32,1,8,7,0,0,2.33333333333333,3,3,3,17,4,20
"166","BUR",0,0,6,0,7,0,0,15,5,167,2,6,3,0,0.28,"20171021","MCI",3,"MCIvBUR20171021","away",0,0,0,NA,0,Inf,2,Inf,-3,9,"BUR-9","MCI-9",13,-1,8,8,1,-7,0,1,-Inf,1,3,1,15,16,8
"167","NEW",1,0,7,3,0,0,0,19,3,393,0,12,4,0,0.52,"20171021","CRY",0,"NEWvCRY20171021","home",1,3,0.142857142857143,0.333333333333333,1,393,3,Inf,1,9,"NEW-9","CRY-9",14,2,10,7,20,13,0,0,4.33333333333333,1,1,0,11,7,13
"168","CRY",0,0,10,0,2,0,0,25,5,298,1,14,2,0,0.48,"20171021","NEW",1,"NEWvCRY20171021","away",0,0,0,NA,0,Inf,7,Inf,-1,9,"CRY-9","NEW-9",3,-17,2,20,7,-13,0,0,-Inf,3,0,0,5,2,1
"169","STK",1,1,10,2,1,0,0,38,8,313,4,18,0,0,0.51,"20171021","BOU",2,"STKvBOU20171021","home",0,0,0.1,0.5,0,313,Inf,Inf,-1,9,"STK-9","BOU-9",8,-10,10,17,19,2,1,0,Inf,0,3,0,1,12,3
"170","BOU",2,1,7,3,1,1,1,13,3,288,1,10,1,0,0.49,"20171021","STK",1,"STKvBOU20171021","away",1,3,0.285714285714286,0.666666666666667,1,144,10,Inf,1,9,"BOU-9","STK-9",7,-7,6,19,17,-2,1,0,-0.666666666666667,0,1,0,3,17,14
"171","HUD",2,1,5,3,2,0,0,13,4,135,2,10,4,0,0.28,"20171021","MUN",1,"HUDvMUN20171021","home",1,3,0.4,0.666666666666667,1,67.5,2.5,Inf,1,9,"HUD-9","MUN-9",12,-3,7,11,2,-9,0,1,-3,0,0,1,13,3,9
"172","MUN",1,1,9,3,1,0,0,35,7,674,3,12,2,0,0.72,"20171021","HUD",2,"HUDvMUN20171021","away",0,0,0.111111111111111,0.333333333333333,0,674,6,Inf,-1,9,"MUN-9","HUD-9",20,18,22,2,11,9,0,0,Inf,1,3,3,8,20,11
"173","SWA",1,1,19,4,5,0,0,39,7,418,0,6,0,0,0.58,"20171021","LEI",2,"SWAvLEI20171021","home",0,0,0.0526315789473684,0.25,0,418,Inf,Inf,-1,9,"SWA-9","LEI-9",8,-4,6,15,14,-1,1,0,-Inf,3,0,0,12,15,6
"174","LEI",2,1,11,6,3,0,0,25,6,279,3,9,1,0,0.42,"20171021","SWA",1,"SWAvLEI20171021","away",1,3,0.181818181818182,0.333333333333333,1,139.5,9,Inf,1,9,"LEI-9","SWA-9",9,-2,12,14,15,1,1,0,0.333333333333333,1,1,0,10,19,5
"175","SOU",1,0,20,6,2,0,0,35,8,508,2,10,0,0,0.65,"20171021","WBA",0,"SOUvWBA20171021","home",1,3,0.05,0.166666666666667,1,508,Inf,Inf,1,9,"SOU-9","WBA-9",12,-1,8,10,13,3,1,0,1,1,0,0,9,13,2
"176","WBA",0,0,7,2,5,0,0,16,3,210,1,8,1,0,0.35,"20171021","SOU",1,"SOUvWBA20171021","away",0,0,0,0,0,Inf,8,Inf,-1,9,"WBA-9","SOU-9",10,-3,7,13,10,-3,1,0,-Inf,1,1,0,18,8,7
"177","EVE",2,0,8,3,9,0,0,16,0,214,2,14,1,1,0.39,"20171022","ARS",5,"EVEvARS20171022","home",0,0,0.25,0.666666666666667,2,107,14,14,-3,9,"EVE-9","ARS-9",8,-11,7,18,5,-13,0,1,-Inf,1,0,3,14,6,19
"178","ARS",5,4,30,14,1,0,0,25,7,534,1,14,1,0,0.61,"20171022","EVE",2,"EVEvARS20171022","away",1,3,0.166666666666667,0.357142857142857,1,106.8,14,Inf,3,9,"ARS-9","EVE-9",16,5,17,5,18,13,0,0,4.33333333333333,0,3,3,4,14,12
"179","TOT",4,2,14,6,6,0,0,12,3,299,1,2,0,0,0.38,"20171022","LIV",1,"TOTvLIV20171022","home",1,3,0.285714285714286,0.666666666666667,2,74.75,Inf,Inf,3,9,"TOT-9","LIV-9",20,13,19,3,9,6,0,0,2,3,3,3,19,11,18
"180","LIV",1,1,12,7,1,0,0,33,5,563,2,8,1,0,0.62,"20171022","TOT",4,"TOTvLIV20171022","away",0,0,0.0833333333333333,0.142857142857143,0,563,8,Inf,-3,9,"LIV-9","TOT-9",13,-2,14,9,3,-6,0,1,-Inf,1,1,3,2,9,17
"181","MUN",1,1,11,3,4,0,0,29,6,300,2,12,1,0,0.46,"20171028","TOT",0,"MUNvTOT20171028","home",1,3,0.0909090909090909,0.333333333333333,0,300,12,Inf,1,10,"MUN-10","TOT-10",23,19,23,2,3,1,1,1,0.333333333333333,0,1,3,11,8,20
"182","TOT",0,0,13,4,2,0,0,20,3,404,1,14,0,0,0.54,"20171028","MUN",1,"MUNvTOT20171028","away",0,0,0,0,0,Inf,Inf,Inf,-1,10,"TOT-10","MUN-10",20,12,19,3,2,-1,1,1,-Inf,3,3,3,9,19,11
"183","ARS",2,2,17,5,1,0,0,30,5,727,2,9,0,0,0.64,"20171028","SWA",1,"ARSvSWA20171028","home",1,3,0.117647058823529,0.4,0,363.5,Inf,Inf,1,10,"ARS-10","SWA-10",19,6,19,5,17,12,0,0,4,3,0,3,18,4,14
"184","SWA",1,1,4,2,3,0,0,8,2,226,1,9,0,0,0.36,"20171028","ARS",2,"ARSvSWA20171028","away",0,0,0.25,0.5,0,226,Inf,Inf,-1,10,"SWA-10","ARS-10",8,-5,7,17,5,-12,0,1,-Inf,0,3,0,14,12,15
"185","LIV",3,2,16,8,0,0,1,27,9,696,0,10,0,0,0.64,"20171028","HUD",0,"LIVvHUD20171028","home",1,3,0.1875,0.375,1,232,Inf,Inf,3,10,"LIV-10","HUD-10",16,1,17,6,13,7,0,0,2.33333333333333,0,1,1,3,2,9
"186","HUD",0,0,1,0,5,0,0,5,2,190,1,8,1,0,0.36,"20171028","LIV",3,"LIVvHUD20171028","away",0,0,0,NA,0,Inf,8,Inf,-3,10,"HUD-10","LIV-10",12,-6,7,13,6,-7,0,1,-Inf,3,0,0,2,13,3
"187","CRY",2,1,19,9,0,1,1,36,11,356,3,18,1,0,0.55,"20171028","WHU",2,"CRYvWHU20171028","home",0,1,0.105263157894737,0.222222222222222,1,178,18,Inf,0,10,"CRY-10","WHU-10",4,-17,4,20,16,-4,0,0,-4,0,3,0,7,5,2
"188","WHU",2,1,6,2,7,0,0,19,2,264,1,15,2,0,0.45,"20171028","CRY",2,"CRYvWHU20171028","away",0,1,0.333333333333333,1,1,132,7.5,Inf,0,10,"WHU-10","CRY-10",9,-9,10,16,20,4,0,0,4,0,1,3,12,7,18
"189","WAT",0,0,14,0,1,0,0,47,8,489,4,10,4,0,0.64,"20171028","STK",1,"WATvSTK20171028","home",0,0,0,NA,0,Inf,2.5,Inf,-1,10,"WAT-10","STK-10",15,-3,15,8,14,6,0,0,Inf,0,3,1,4,6,10
"190","STK",1,1,6,2,0,0,0,5,1,171,2,9,4,0,0.36,"20171028","WAT",0,"WATvSTK20171028","away",1,3,0.166666666666667,0.5,0,171,2.25,Inf,1,10,"STK-10","WAT-10",11,-9,11,14,8,-6,0,0,-2,0,0,3,19,1,12
"191","WBA",2,1,7,4,2,0,0,10,1,172,5,10,2,0,0.28,"20171028","MCI",3,"WBAvMCI20171028","home",0,0,0.285714285714286,0.5,1,86,5,Inf,-1,10,"WBA-10","MCI-10",10,-4,9,15,1,-14,0,1,-Inf,0,1,1,10,18,8
"192","MCI",3,3,15,5,2,0,0,20,2,860,1,7,3,0,0.72,"20171028","WBA",2,"WBAvMCI20171028","away",1,3,0.2,0.6,0,286.666666666667,2.33333333333333,Inf,1,10,"MCI-10","WBA-10",28,29,35,1,15,14,0,0,4.66666666666667,3,3,3,8,17,4
"193","BOU",0,0,7,1,4,0,0,21,5,403,0,5,2,0,0.44,"20171028","CHE",1,"BOUvCHE20171028","home",0,0,0,0,0,Inf,2.5,Inf,-1,10,"BOU-10","CHE-10",7,-8,6,19,4,-15,0,1,-Inf,3,0,1,17,3,17
"194","CHE",1,1,18,5,1,0,0,22,5,584,5,5,0,0,0.56,"20171028","BOU",0,"BOUvCHE20171028","away",1,3,0.0555555555555556,0.2,0,584,Inf,Inf,1,10,"CHE-10","BOU-10",19,8,18,4,19,15,0,0,5,3,0,0,6,20,1
"195","BHA",1,1,7,2,0,0,0,22,2,413,0,9,3,0,0.51,"20171029","SOU",1,"BHAvSOU20171029","home",0,1,0.142857142857143,0.5,0,413,3,Inf,0,10,"BHA-10","SOU-10",12,-1,10,12,10,-2,1,0,-2,3,1,0,16,16,5
"196","SOU",1,0,6,1,1,0,0,24,7,377,1,10,1,0,0.49,"20171029","BHA",1,"BHAvSOU20171029","away",0,1,0.166666666666667,1,1,377,10,Inf,0,10,"SOU-10","BHA-10",13,-1,9,10,12,2,1,0,2,3,1,0,13,9,13
"197","LEI",2,2,9,3,2,0,0,17,3,233,4,6,0,0,0.44,"20171029","EVE",0,"LEIvEVE20171029","home",1,3,0.222222222222222,0.666666666666667,0,116.5,Inf,Inf,2,10,"LEI-10","EVE-10",12,0,14,11,18,7,0,0,2.33333333333333,3,1,1,15,10,19
"198","EVE",0,0,16,2,1,0,0,31,10,390,1,10,2,0,0.56,"20171029","LEI",2,"LEIvEVE20171029","away",0,0,0,0,0,Inf,5,Inf,-2,10,"EVE-10","LEI-10",8,-13,7,18,11,-7,0,0,-Inf,0,1,0,5,14,6
"199","BUR",1,1,12,5,5,0,0,28,5,360,4,9,3,0,0.49,"20171030","NEW",0,"BURvNEW20171030","home",1,3,0.0833333333333333,0.2,0,360,3,Inf,1,10,"BUR-10","NEW-10",16,0,9,7,9,2,1,0,0.666666666666667,0,1,3,1,15,16
"200","NEW",0,0,12,5,4,0,0,20,3,422,1,10,0,0,0.51,"20171030","BUR",1,"BURvNEW20171030","away",0,0,0,0,0,Inf,Inf,Inf,-1,10,"NEW-10","BUR-10",14,1,10,9,7,-2,1,0,-Inf,3,1,1,20,11,7
"201","STK",2,2,11,7,2,0,0,24,4,302,0,12,0,0,0.47,"20171104","LEI",2,"STKvLEI20171104","home",0,1,0.181818181818182,0.285714285714286,0,151,Inf,Inf,0,11,"STK-11","LEI-11",12,-9,13,14,12,-2,1,0,-2,3,0,0,8,19,1
"202","LEI",2,2,14,4,5,0,0,25,10,344,5,8,0,0,0.53,"20171104","STK",2,"STKvLEI20171104","away",0,1,0.142857142857143,0.5,0,172,Inf,Inf,0,11,"LEI-11","STK-11",13,0,16,12,14,2,1,0,2,3,3,1,18,15,10
"203","NEW",0,0,16,4,4,0,0,29,11,273,5,11,2,0,0.46,"20171104","BOU",1,"NEWvBOU20171104","home",0,0,0,0,0,Inf,5.5,Inf,-1,11,"NEW-11","BOU-11",14,0,10,11,17,6,0,0,Inf,0,3,1,7,20,11
"204","BOU",1,1,16,6,4,0,0,28,9,312,1,12,2,0,0.54,"20171104","NEW",0,"NEWvBOU20171104","away",1,3,0.0625,0.166666666666667,0,312,6,Inf,1,11,"BOU-11","NEW-11",10,-7,7,17,11,-6,0,0,-2,0,3,0,4,17,3
"205","SOU",0,0,13,3,0,0,0,30,9,496,2,4,0,0,0.64,"20171104","BUR",1,"SOUvBUR20171104","home",0,0,0,0,0,Inf,Inf,Inf,-1,11,"SOU-11","BUR-11",13,-2,9,13,7,-6,0,0,-Inf,1,3,1,12,13,9
"206","BUR",1,1,5,1,3,0,0,13,1,264,1,4,0,0,0.36,"20171104","SOU",0,"SOUvBUR20171104","away",1,3,0.2,1,0,264,Inf,Inf,1,11,"BUR-11","SOU-11",19,1,10,7,13,6,0,0,2,3,0,1,9,1,15
"207","HUD",1,1,7,3,3,0,0,18,3,356,4,8,1,1,0.52,"20171104","WBA",0,"HUDvWBA20171104","home",1,3,0.142857142857143,0.333333333333333,0,356,8,8,1,11,"HUD-11","WBA-11",15,-5,8,10,16,6,0,0,2,0,3,0,6,2,13
"208","WBA",0,0,9,3,2,0,0,25,5,341,4,15,4,0,0.48,"20171104","HUD",1,"HUDvWBA20171104","away",0,0,0,0,0,Inf,3.75,Inf,-1,11,"WBA-11","HUD-11",10,-5,9,16,10,-6,0,0,-Inf,0,0,1,1,10,18
"209","SWA",0,0,10,2,1,0,0,34,8,381,1,13,2,0,0.57,"20171104","BHA",1,"SWAvBHA20171104","home",0,0,0,0,0,Inf,6.5,Inf,-1,11,"SWA-11","BHA-11",8,-6,7,19,8,-11,0,0,-Inf,0,0,3,5,14,12
"210","BHA",1,1,5,2,2,0,0,22,7,273,2,12,1,0,0.43,"20171104","SWA",0,"SWAvBHA20171104","away",1,3,0.2,0.5,0,273,12,Inf,1,11,"BHA-11","SWA-11",15,0,11,8,19,11,0,0,3.66666666666667,1,3,1,10,16,16
"211","WHU",1,1,6,1,3,0,0,14,2,370,5,9,3,0,0.48,"20171104","LIV",4,"WHUvLIV20171104","home",0,0,0.166666666666667,1,0,370,3,Inf,-3,11,"WHU-11","LIV-11",9,-12,11,18,5,-13,0,1,-Inf,1,0,1,20,12,7
"212","LIV",4,2,15,7,0,0,0,10,3,402,1,13,0,0,0.52,"20171104","WHU",1,"WHUvLIV20171104","away",1,3,0.266666666666667,0.571428571428571,2,100.5,Inf,Inf,3,11,"LIV-11","WHU-11",19,4,21,5,18,13,0,0,4.33333333333333,3,0,1,13,3,2
"213","TOT",1,0,12,2,3,0,0,42,10,520,3,6,0,0,0.63,"20171105","CRY",0,"TOTvCRY20171105","home",1,3,0.0833333333333333,0.5,1,520,Inf,Inf,1,11,"TOT-11","CRY-11",23,13,20,3,20,17,0,0,5.66666666666667,0,3,3,2,9,19
"214","CRY",0,0,11,3,1,0,0,18,9,202,4,7,2,0,0.37,"20171105","TOT",1,"TOTvCRY20171105","away",0,0,0,0,0,Inf,3.5,Inf,-1,11,"CRY-11","TOT-11",4,-18,4,20,3,-17,0,1,-Inf,1,0,3,16,7,5
"215","MCI",3,2,9,5,2,1,1,18,5,577,3,15,1,0,0.59,"20171105","ARS",1,"MCIvARS20171105","home",1,3,0.333333333333333,0.6,1,192.333333333333,15,Inf,2,11,"MCI-11","ARS-11",31,31,38,1,6,5,0,1,1.66666666666667,3,3,3,15,8,17
"216","ARS",1,1,6,3,2,0,0,12,5,394,3,15,6,0,0.41,"20171105","MCI",3,"MCIvARS20171105","away",0,0,0.166666666666667,0.333333333333333,0,394,2.5,Inf,-2,11,"ARS-11","MCI-11",19,4,20,6,1,-5,0,1,-Inf,3,3,0,17,18,4
"217","CHE",1,1,18,8,2,0,0,23,4,382,0,16,1,0,0.52,"20171105","MUN",0,"CHEvMUN20171105","home",1,3,0.0555555555555556,0.125,0,382,16,Inf,1,11,"CHE-11","MUN-11",22,9,19,4,2,-2,1,1,-0.666666666666667,3,3,0,19,6,20
"218","MUN",0,0,10,2,7,0,0,21,7,308,0,20,3,0,0.48,"20171105","CHE",1,"CHEvMUN20171105","away",0,0,0,0,0,Inf,6.66666666666667,Inf,-1,11,"MUN-11","CHE-11",23,18,23,2,4,2,1,1,Inf,3,0,1,3,11,8
"219","EVE",3,1,10,5,1,1,1,15,2,199,5,14,0,0,0.46,"20171105","WAT",2,"EVEvWAT20171105","home",1,3,0.3,0.6,2,66.3333333333333,Inf,Inf,1,11,"EVE-11","WAT-11",11,-12,10,15,9,-6,0,0,-2,0,0,1,11,5,14
"220","WAT",2,2,11,3,2,0,1,33,5,372,1,12,2,0,0.54,"20171105","EVE",3,"EVEvWAT20171105","away",0,0,0.181818181818182,0.666666666666667,0,186,6,Inf,-1,11,"WAT-11","EVE-11",15,-4,17,9,15,6,0,0,Inf,0,0,3,14,4,6
"221","ARS",2,2,14,5,4,0,0,26,7,299,8,11,4,0,0.43,"20171118","TOT",0,"ARSvTOT20171118","home",1,3,0.142857142857143,0.4,0,149.5,2.75,Inf,2,12,"ARS-12","TOT-12",22,6,22,6,4,-2,1,1,-0.666666666666667,0,3,3,1,17,18
"222","TOT",0,0,14,4,3,0,0,25,4,463,1,16,1,0,0.57,"20171118","ARS",2,"ARSvTOT20171118","away",0,0,0,0,0,Inf,16,Inf,-2,12,"TOT-12","ARS-12",23,11,20,4,6,2,1,1,Inf,3,0,3,20,2,9
"223","LEI",0,0,2,0,2,0,0,7,1,194,3,8,1,0,0.31,"20171118","MCI",2,"LEIvMCI20171118","home",0,0,0,NA,0,Inf,8,Inf,-2,12,"LEI-12","MCI-12",13,-2,16,12,1,-11,0,1,-Inf,1,3,3,14,18,15
"224","MCI",2,2,12,4,0,0,0,28,7,712,1,10,1,0,0.69,"20171118","LEI",0,"LEIvMCI20171118","away",1,3,0.166666666666667,0.5,0,356,10,Inf,2,12,"MCI-12","LEI-12",34,33,40,1,12,11,0,0,3.66666666666667,3,3,3,6,15,8
"225","LIV",3,2,21,8,0,0,0,24,10,491,2,15,1,0,0.62,"20171118","SOU",0,"LIVvSOU20171118","home",1,3,0.142857142857143,0.375,1,163.666666666667,15,Inf,3,12,"LIV-12","SOU-12",22,7,24,5,14,9,0,0,3,3,3,0,18,13,3
"226","SOU",0,0,5,0,5,0,0,12,2,279,2,9,1,0,0.38,"20171118","LIV",3,"LIVvSOU20171118","away",0,0,0,NA,0,Inf,9,Inf,-3,12,"SOU-12","LIV-12",13,-5,9,14,5,-9,0,1,-Inf,0,1,3,7,12,13
"227","CRY",2,1,16,7,3,0,0,26,9,468,1,9,2,0,0.66,"20171118","EVE",2,"CRYvEVE20171118","home",0,1,0.125,0.285714285714286,1,234,4.5,Inf,0,12,"CRY-12","EVE-12",5,-18,6,20,16,-4,0,0,-4,0,1,0,3,16,7
"228","EVE",2,1,8,5,5,1,1,11,4,178,1,26,3,0,0.34,"20171118","CRY",2,"CRYvEVE20171118","away",0,1,0.25,0.4,1,89,8.66666666666667,Inf,0,12,"EVE-12","CRY-12",12,-12,12,16,20,4,0,0,4,3,0,0,9,11,5
"229","WBA",0,0,7,2,3,0,0,24,3,321,3,13,2,0,0.42,"20171118","CHE",4,"WBAvCHE20171118","home",0,0,0,0,0,Inf,6.5,Inf,-4,12,"WBA-12","CHE-12",10,-9,9,17,3,-14,0,1,-Inf,0,0,0,10,1,10
"230","CHE",4,3,11,7,2,0,0,24,4,539,1,12,3,0,0.58,"20171118","WBA",0,"WBAvCHE20171118","away",1,3,0.363636363636364,0.571428571428571,1,134.75,4,Inf,4,12,"CHE-12","WBA-12",25,13,23,3,17,14,0,0,4.66666666666667,3,3,3,2,19,6
"231","BUR",2,2,16,7,1,0,0,27,8,220,3,12,1,0,0.41,"20171118","SWA",0,"BURvSWA20171118","home",1,3,0.125,0.285714285714286,0,110,12,Inf,2,12,"BUR-12","SWA-12",22,3,12,7,19,12,0,0,4,3,3,0,13,9,1
"232","SWA",0,0,13,1,5,0,0,29,6,407,1,12,1,0,0.59,"20171118","BUR",2,"BURvSWA20171118","away",0,0,0,0,0,Inf,12,Inf,-2,12,"SWA-12","BUR-12",8,-8,7,19,7,-12,0,0,-Inf,0,0,0,8,5,14
"233","BOU",4,3,11,5,3,0,0,12,8,165,1,13,3,1,0.34,"20171118","HUD",0,"BOUvHUD20171118","home",1,3,0.363636363636364,0.8,1,41.25,4.33333333333333,13,4,12,"BOU-12","HUD-12",13,-3,11,13,10,-3,1,0,-1,3,0,3,11,4,17
"234","HUD",0,0,20,3,1,0,0,49,11,467,0,10,2,0,0.66,"20171118","BOU",4,"BOUvHUD20171118","away",0,0,0,0,0,Inf,5,Inf,-4,12,"HUD-12","BOU-12",15,-9,8,10,13,3,1,0,Inf,3,0,3,16,6,2
"235","MUN",4,4,16,7,4,0,0,46,11,569,1,10,1,0,0.62,"20171118","NEW",1,"MUNvNEW20171118","home",1,3,0.25,0.571428571428571,0,142.25,10,Inf,3,12,"MUN-12","NEW-12",26,21,27,2,11,9,0,0,3,0,3,0,4,3,11
"236","NEW",1,1,12,5,3,0,0,15,4,274,1,9,1,0,0.38,"20171118","MUN",4,"MUNvNEW20171118","away",0,0,0.0833333333333333,0.2,0,274,9,Inf,-3,12,"NEW-12","MUN-12",14,-3,11,11,2,-9,0,1,-Inf,0,0,3,17,7,20
"237","WAT",2,2,17,7,5,0,0,24,3,521,0,13,1,0,0.57,"20171119","WHU",0,"WATvWHU20171119","home",1,3,0.117647058823529,0.285714285714286,0,260.5,13,Inf,2,12,"WAT-12","WHU-12",18,-2,19,8,18,10,0,0,3.33333333333333,0,0,0,15,14,4
"238","WHU",0,0,10,6,5,0,0,16,1,344,3,10,4,0,0.43,"20171119","WAT",2,"WATvWHU20171119","away",0,0,0,0,0,Inf,2.5,Inf,-2,12,"WHU-12","WAT-12",9,-14,11,18,8,-10,0,0,-Inf,0,1,0,5,20,12
"239","BHA",2,1,9,3,4,0,0,29,6,404,3,13,1,0,0.55,"20171120","STK",2,"BHAvSTK20171120","home",0,1,0.222222222222222,0.666666666666667,1,202,13,Inf,0,12,"BHA-12","STK-12",16,0,13,9,15,6,0,0,6,3,1,3,19,10,16
"240","STK",2,1,13,6,1,0,0,25,7,338,1,5,0,0,0.45,"20171120","BHA",2,"BHAvSTK20171120","away",0,1,0.153846153846154,0.333333333333333,1,169,Inf,Inf,0,12,"STK-12","BHA-12",13,-9,15,15,9,-6,0,0,-6,1,3,0,12,8,19
"241","WHU",1,1,8,4,1,0,0,32,5,297,0,9,1,0,0.51,"20171124","LEI",1,"WHUvLEI20171124","home",0,1,0.125,0.25,0,297,9,Inf,0,13,"WHU-13","LEI-13",10,-14,12,18,12,-6,0,0,-6,0,0,1,8,5,20
"242","LEI",1,0,7,2,3,0,0,19,5,324,1,12,1,0,0.49,"20171124","WHU",1,"WHUvLEI20171124","away",0,1,0.142857142857143,0.5,1,324,12,Inf,0,13,"LEI-13","WHU-13",14,-2,17,12,18,6,0,0,6,0,1,3,1,14,18
"243","MUN",1,0,15,4,2,0,0,34,5,501,2,9,0,0,0.57,"20171125","BHA",0,"MUNvBHA20171125","home",1,3,0.0666666666666667,0.25,1,501,Inf,Inf,1,13,"MUN-13","BHA-13",29,22,28,2,9,7,0,0,2.33333333333333,3,0,3,11,4,3
"244","BHA",0,0,8,2,4,0,0,19,0,346,1,9,2,0,0.43,"20171125","MUN",1,"MUNvBHA20171125","away",0,0,0,0,0,Inf,4.5,Inf,-1,13,"BHA-13","MUN-13",16,-1,13,9,2,-7,0,1,-Inf,1,3,1,15,19,10
"245","NEW",0,0,12,2,2,0,0,28,6,396,4,8,1,0,0.55,"20171125","WAT",3,"NEWvWAT20171125","home",0,0,0,0,0,Inf,8,Inf,-3,13,"NEW-13","WAT-13",14,-6,11,14,8,-6,0,0,-Inf,0,0,0,2,17,7
"246","WAT",3,2,12,4,1,0,0,19,3,319,1,13,2,0,0.45,"20171125","NEW",0,"NEWvWAT20171125","away",1,3,0.25,0.75,1,106.333333333333,6.5,Inf,3,13,"WAT-13","NEW-13",21,1,22,8,14,6,0,0,2,3,0,0,18,15,14
"247","TOT",1,1,24,5,1,0,0,41,8,623,2,10,1,0,0.66,"20171125","WBA",1,"TOTvWBA20171125","home",0,1,0.0416666666666667,0.2,0,623,10,Inf,0,13,"TOT-13","WBA-13",24,11,21,5,17,12,0,0,12,0,3,0,6,20,2
"248","WBA",1,1,5,2,4,0,0,11,0,186,6,13,4,0,0.34,"20171125","TOT",1,"TOTvWBA20171125","away",0,1,0.2,0.5,0,186,3.25,Inf,0,13,"WBA-13","TOT-13",11,-9,10,17,5,-12,0,1,-12,0,0,0,3,10,1
"249","CRY",2,1,10,5,2,0,0,25,5,410,2,9,1,0,0.52,"20171125","STK",1,"CRYvSTK20171125","home",1,3,0.2,0.4,1,205,9,Inf,1,13,"CRY-13","STK-13",8,-17,8,20,15,-5,0,0,-1.66666666666667,1,0,1,16,3,16
"250","STK",1,1,10,3,3,0,0,19,2,365,1,5,1,0,0.48,"20171125","CRY",2,"CRYvSTK20171125","away",0,0,0.1,0.333333333333333,0,365,5,Inf,-1,13,"STK-13","CRY-13",13,-10,16,15,20,5,0,0,Inf,1,1,3,9,12,8
"251","SWA",0,0,10,1,5,0,0,24,4,365,3,18,4,0,0.48,"20171125","BOU",0,"SWAvBOU20171125","home",0,1,0,0,0,Inf,4.5,Inf,0,13,"SWA-13","BOU-13",9,-8,7,19,13,-6,0,0,-6,0,0,0,7,8,5
"252","BOU",0,0,9,5,1,0,0,25,5,415,1,6,2,0,0.52,"20171125","SWA",0,"SWAvBOU20171125","away",0,1,0,0,0,Inf,3,Inf,0,13,"BOU-13","SWA-13",14,-3,11,13,19,6,0,0,6,3,3,0,10,11,4
"253","LIV",1,1,16,4,2,0,0,22,7,535,0,10,0,0,0.55,"20171125","CHE",1,"LIVvCHE20171125","home",0,1,0.0625,0.25,0,535,Inf,Inf,0,13,"LIV-13","CHE-13",23,7,25,6,3,-3,1,1,-3,3,3,3,14,18,13
"254","CHE",1,1,11,3,3,0,0,27,8,425,5,7,0,0,0.45,"20171125","LIV",1,"LIVvCHE20171125","away",0,1,0.0909090909090909,0.333333333333333,0,425,Inf,Inf,0,13,"CHE-13","LIV-13",26,13,24,3,6,3,1,1,3,3,3,3,17,2,19
"255","SOU",4,4,17,5,1,0,0,35,7,597,0,6,0,0,0.63,"20171126","EVE",1,"SOUvEVE20171126","home",1,3,0.235294117647059,0.8,0,149.25,Inf,Inf,3,13,"SOU-13","EVE-13",16,-2,13,10,16,6,0,0,2,0,0,1,5,7,12
"256","EVE",1,1,5,2,1,0,0,7,2,245,0,13,0,0,0.37,"20171126","SOU",4,"SOUvEVE20171126","away",0,0,0.2,0.5,0,245,Inf,Inf,-3,13,"EVE-13","SOU-13",12,-15,13,16,10,-6,0,0,-Inf,1,3,0,20,9,11
"257","BUR",0,0,8,2,1,0,0,23,5,272,4,8,2,0,0.36,"20171126","ARS",1,"BURvARS20171126","home",0,0,0,0,0,Inf,4,Inf,-1,13,"BUR-13","ARS-13",22,2,12,7,4,-3,1,1,-Inf,3,3,3,19,13,9
"258","ARS",1,0,17,2,2,1,1,25,5,550,3,14,0,0,0.64,"20171126","BUR",0,"BURvARS20171126","away",1,3,0.0588235294117647,0.5,1,550,Inf,Inf,1,13,"ARS-13","BUR-13",25,7,23,4,7,3,1,0,1,3,0,3,4,1,17
"259","HUD",1,0,4,0,3,0,0,11,3,104,3,10,2,1,0.22,"20171126","MCI",2,"HUDvMCI20171126","home",0,0,0.25,Inf,1,104,5,10,-1,13,"HUD-13","MCI-13",15,-10,9,11,1,-10,0,1,-Inf,0,3,0,13,16,6
"260","MCI",2,0,14,5,0,1,1,23,7,662,3,10,3,0,0.78,"20171126","HUD",1,"HUDvMCI20171126","away",1,3,0.142857142857143,0.4,2,331,3.33333333333333,Inf,1,13,"MCI-13","HUD-13",37,34,42,1,11,10,0,0,3.33333333333333,3,3,3,12,6,15
"261","LEI",2,2,7,4,5,0,0,16,4,262,2,7,1,0,0.4,"20171128","TOT",1,"LEIvTOT20171128","home",1,3,0.285714285714286,0.5,0,131,7,Inf,1,14,"LEI-14","TOT-14",17,-1,19,9,7,-2,1,0,-0.666666666666667,1,0,1,18,1,14
"262","TOT",1,1,18,6,1,0,0,35,9,490,1,10,2,0,0.6,"20171128","LEI",2,"LEIvTOT20171128","away",0,0,0.0555555555555556,0.166666666666667,0,490,5,Inf,-1,14,"TOT-14","LEI-14",24,10,22,7,9,2,1,0,Inf,1,0,3,17,6,20
"263","BHA",0,0,9,4,4,0,0,29,10,368,5,13,2,0,0.54,"20171128","CRY",0,"BHAvCRY20171128","home",0,1,0,0,0,Inf,6.5,Inf,0,14,"BHA-14","CRY-14",17,-1,13,10,20,10,0,0,10,0,1,3,2,15,19
"264","CRY",0,0,11,4,3,0,0,19,5,300,0,8,0,0,0.46,"20171128","BHA",0,"BHAvCRY20171128","away",0,1,0,0,0,Inf,Inf,Inf,0,14,"CRY-14","BHA-14",9,-17,8,20,10,-10,0,0,-10,3,1,0,15,16,3
"265","WAT",2,1,13,4,2,1,1,30,5,440,0,12,2,0,0.55,"20171128","MUN",4,"WATvMUN20171128","home",0,0,0.153846153846154,0.5,1,220,6,Inf,-2,14,"WAT-14","MUN-14",21,-1,24,8,2,-6,0,1,-Inf,3,3,0,14,18,15
"266","MUN",4,3,16,7,2,0,0,12,5,281,0,11,1,0,0.45,"20171128","WAT",2,"WATvMUN20171128","away",1,3,0.25,0.571428571428571,1,70.25,11,Inf,2,14,"MUN-14","WAT-14",32,24,32,2,8,6,0,0,2,3,3,0,9,11,4
"267","WBA",2,2,8,4,3,0,0,24,1,328,0,13,0,0,0.5,"20171128","NEW",2,"WBAvNEW20171128","home",0,1,0.25,0.5,0,164,Inf,Inf,0,14,"WBA-14","NEW-14",12,-9,12,17,12,-5,0,0,-5,1,0,0,5,3,10
"268","NEW",2,2,12,4,2,0,0,30,6,381,2,12,0,0,0.5,"20171128","WBA",2,"WBAvNEW20171128","away",0,1,0.166666666666667,0.5,0,190.5,Inf,Inf,0,14,"NEW-14","WBA-14",15,-6,13,12,17,5,0,0,5,0,0,0,8,2,17
"269","ARS",5,5,21,7,2,0,0,18,7,734,2,10,0,0,0.66,"20171129","HUD",0,"ARSvHUD20171129","home",1,3,0.238095238095238,0.714285714285714,0,146.8,Inf,Inf,5,14,"ARS-14","HUD-14",28,12,28,4,14,10,0,0,3.33333333333333,3,3,0,7,4,1
"270","HUD",0,0,7,2,1,0,0,12,2,270,3,12,1,0,0.34,"20171129","ARS",5,"ARSvHUD20171129","away",0,0,0,0,0,Inf,12,Inf,-5,14,"HUD-14","ARS-14",15,-15,9,14,4,-10,0,1,-Inf,0,0,3,1,13,16
"271","CHE",1,0,21,10,0,0,0,44,15,541,0,10,1,0,0.58,"20171129","SWA",0,"CHEvSWA20171129","home",1,3,0.0476190476190476,0.1,1,541,10,Inf,1,14,"CHE-14","SWA-14",29,14,25,3,19,16,0,0,5.33333333333333,1,3,3,6,17,2
"272","SWA",0,0,2,0,9,0,0,13,1,331,0,7,0,0,0.42,"20171129","CHE",1,"CHEvSWA20171129","away",0,0,0,NA,0,Inf,Inf,Inf,-1,14,"SWA-14","CHE-14",9,-9,7,19,3,-16,0,1,-Inf,1,0,0,13,7,8
"273","BOU",1,0,10,2,2,0,0,31,4,480,0,9,0,0,0.64,"20171129","BUR",2,"BOUvBUR20171129","home",0,0,0.1,0.5,1,480,Inf,Inf,-1,14,"BOU-14","BUR-14",14,-4,12,15,6,-9,0,1,-Inf,1,3,3,19,10,11
"274","BUR",2,1,10,4,1,0,0,21,6,265,1,11,1,0,0.36,"20171129","BOU",1,"BOUvBUR20171129","away",1,3,0.2,0.5,1,132.5,11,Inf,1,14,"BUR-14","BOU-14",25,3,14,6,15,9,0,0,3,0,3,3,4,19,13
"275","EVE",4,2,8,5,3,0,1,17,2,339,2,16,2,0,0.47,"20171129","WHU",0,"EVEvWHU20171129","home",1,3,0.5,0.8,2,84.75,8,Inf,4,14,"EVE-14","WHU-14",15,-11,17,13,18,5,0,0,1.66666666666667,0,1,3,10,20,9
"276","WHU",0,0,7,3,1,0,1,36,6,425,1,6,1,0,0.53,"20171129","EVE",4,"EVEvWHU20171129","away",0,0,0,0,0,Inf,6,Inf,-4,14,"WHU-14","EVE-14",10,-18,12,18,13,-5,0,0,-Inf,1,0,0,12,8,5
"277","MCI",2,1,26,12,1,0,0,25,6,689,1,12,1,0,0.74,"20171129","SOU",1,"MCIvSOU20171129","home",1,3,0.0769230769230769,0.166666666666667,1,344.5,12,Inf,1,14,"MCI-14","SOU-14",40,35,44,1,11,10,0,0,3.33333333333333,3,3,3,11,12,6
"278","SOU",1,1,6,2,10,0,0,10,5,171,1,11,1,0,0.26,"20171129","MCI",2,"MCIvSOU20171129","away",0,0,0.166666666666667,0.5,0,171,11,Inf,-1,14,"SOU-14","MCI-14",16,-3,14,11,1,-10,0,1,-Inf,3,0,0,16,5,7
"279","STK",0,0,10,1,4,0,0,22,5,273,4,8,1,0,0.42,"20171129","LIV",3,"STKvLIV20171129","home",0,0,0,0,0,Inf,8,Inf,-3,14,"STK-14","LIV-14",13,-13,16,16,5,-11,0,1,-Inf,0,1,1,20,9,12
"280","LIV",3,2,14,7,1,0,0,21,9,463,2,10,5,0,0.58,"20171129","STK",0,"STKvLIV20171129","away",1,3,0.214285714285714,0.428571428571429,1,154.333333333333,2,Inf,3,14,"LIV-14","STK-14",26,10,28,5,16,11,0,0,3.66666666666667,1,3,3,3,14,18
"281","CHE",3,1,23,9,1,1,1,34,11,685,2,8,0,0,0.65,"20171202","NEW",1,"CHEvNEW20171202","home",1,3,0.130434782608696,0.333333333333333,2,228.333333333333,Inf,Inf,2,15,"CHE-15","NEW-15",32,16,28,3,15,12,0,0,4,3,1,3,19,6,17
"282","NEW",1,0,8,2,6,0,0,12,4,333,1,13,1,0,0.35,"20171202","CHE",3,"CHEvNEW20171202","away",0,0,0.125,0.5,1,333,13,Inf,-2,15,"NEW-15","CHE-15",15,-8,14,15,3,-12,0,1,-Inf,1,0,0,17,8,2
"283","EVE",2,2,6,4,3,0,0,9,2,284,1,12,2,0,0.46,"20171202","HUD",0,"EVEvHUD20171202","home",1,3,0.333333333333333,0.5,0,142,6,Inf,2,15,"EVE-15","HUD-15",18,-9,19,10,16,6,0,0,2,3,0,1,18,10,20
"284","HUD",0,0,5,3,2,0,0,27,5,309,0,9,1,0,0.54,"20171202","EVE",2,"EVEvHUD20171202","away",0,0,0,0,0,Inf,9,Inf,-2,15,"HUD-15","EVE-15",15,-17,9,16,10,-6,0,0,-Inf,0,0,0,4,1,13
"285","LEI",1,0,16,3,4,0,0,30,10,327,1,3,0,0,0.52,"20171202","BUR",0,"LEIvBUR20171202","home",1,3,0.0625,0.333333333333333,1,327,Inf,Inf,1,15,"LEI-15","BUR-15",20,0,20,9,7,-2,1,0,-0.666666666666667,3,1,0,7,18,1
"286","BUR",0,0,14,4,2,0,0,28,7,317,6,11,2,0,0.48,"20171202","LEI",1,"LEIvBUR20171202","away",0,0,0,0,0,Inf,5.5,Inf,-1,15,"BUR-15","LEI-15",25,2,14,7,9,2,1,0,Inf,3,0,3,15,4,19
"287","WAT",1,1,6,2,1,0,0,34,7,330,1,16,4,0,0.48,"20171202","TOT",1,"WATvTOT20171202","home",0,1,0.166666666666667,0.5,0,330,4,Inf,0,15,"WAT-15","TOT-15",22,-1,25,8,6,-2,1,1,-2,0,3,3,2,14,18
"288","TOT",1,1,8,2,1,0,0,21,2,351,10,8,1,1,0.52,"20171202","WAT",1,"WATvTOT20171202","away",0,1,0.125,0.5,0,351,8,8,0,15,"TOT-15","WAT-15",25,10,23,6,8,2,1,0,2,0,1,0,9,17,6
"289","WBA",0,0,20,6,2,0,0,40,3,305,3,11,3,0,0.52,"20171202","CRY",0,"WBAvCRY20171202","home",0,1,0,0,0,Inf,3.66666666666667,Inf,0,15,"WBA-15","CRY-15",13,-9,12,17,18,1,1,0,1,1,1,0,12,5,3
"290","CRY",0,0,10,2,6,0,0,26,7,283,1,10,1,0,0.48,"20171202","WBA",0,"WBAvCRY20171202","away",0,1,0,0,0,Inf,10,Inf,0,15,"CRY-15","WBA-15",10,-17,8,18,17,-1,1,0,-1,1,3,1,10,15,16
"291","STK",2,2,10,3,2,0,0,17,2,313,3,12,2,0,0.45,"20171202","SWA",1,"STKvSWA20171202","home",1,3,0.2,0.666666666666667,0,156.5,6,Inf,1,15,"STK-15","SWA-15",16,-12,18,13,20,7,0,0,2.33333333333333,0,0,1,5,20,9
"292","SWA",1,1,10,3,1,0,0,30,6,390,0,10,0,0,0.55,"20171202","STK",2,"STKvSWA20171202","away",0,0,0.1,0.333333333333333,0,390,Inf,Inf,-1,15,"SWA-15","STK-15",9,-10,8,20,13,-7,0,0,-Inf,0,1,0,3,13,7
"293","BHA",1,0,6,2,2,1,1,14,2,412,0,8,1,0,0.44,"20171202","LIV",5,"BHAvLIV20171202","home",0,0,0.166666666666667,0.5,1,412,8,Inf,-4,15,"BHA-15","LIV-15",17,-5,14,12,4,-8,0,1,-Inf,1,0,1,20,2,15
"294","LIV",5,3,12,6,1,0,0,14,2,600,2,7,0,0,0.56,"20171202","BHA",1,"BHAvLIV20171202","away",1,3,0.416666666666667,0.833333333333333,2,120,Inf,Inf,4,15,"LIV-15","BHA-15",29,14,33,4,12,8,0,0,2.66666666666667,3,1,3,16,3,14
"295","ARS",1,1,33,15,1,0,0,45,12,593,4,11,3,0,0.71,"20171202","MUN",3,"ARSvMUN20171202","home",0,0,0.0303030303030303,0.0666666666666667,0,593,3.66666666666667,Inf,-2,15,"ARS-15","MUN-15",28,10,29,5,2,-3,1,1,-Inf,3,3,3,14,7,4
"296","MUN",3,3,8,4,13,0,0,8,1,158,0,10,2,1,0.29,"20171202","ARS",1,"ARSvMUN20171202","away",1,3,0.375,0.75,0,52.6666666666667,5,10,2,15,"MUN-15","ARS-15",35,26,35,2,5,3,1,1,1,3,3,3,8,9,11
"297","BOU",1,1,15,5,2,0,0,25,5,375,0,6,2,0,0.49,"20171203","SOU",1,"BOUvSOU20171203","home",0,1,0.0666666666666667,0.2,0,375,3,Inf,0,15,"BOU-15","SOU-15",15,-4,13,14,11,-3,1,0,-3,0,1,3,6,19,10
"298","SOU",1,1,15,4,4,0,0,29,4,386,6,12,1,0,0.51,"20171203","BOU",1,"BOUvSOU20171203","away",0,1,0.0666666666666667,0.25,0,386,12,Inf,0,15,"SOU-15","BOU-15",17,-3,15,11,14,3,1,0,3,0,3,0,1,16,5
"299","MCI",2,2,23,8,3,0,0,37,10,687,2,5,2,0,0.69,"20171203","WHU",1,"MCIvWHU20171203","home",1,3,0.0869565217391304,0.25,0,343.5,2.5,Inf,1,15,"MCI-15","WHU-15",43,36,46,1,19,18,0,0,6,3,3,3,11,11,12
"300","WHU",1,1,7,4,6,0,0,14,4,171,4,7,2,0,0.31,"20171203","MCI",2,"MCIvWHU20171203","away",0,0,0.142857142857143,0.25,0,171,3.5,Inf,-1,15,"WHU-15","MCI-15",10,-19,13,19,1,-18,0,1,-Inf,0,1,0,13,12,8
"301","WHU",1,1,5,2,2,0,0,16,4,230,3,10,6,0,0.34,"20171209","CHE",0,"WHUvCHE20171209","home",1,3,0.2,0.5,0,230,1.66666666666667,Inf,1,16,"WHU-16","CHE-16",13,-18,14,18,3,-15,0,1,-5,0,0,1,1,13,12
"302","CHE",0,0,19,2,1,0,0,24,3,628,2,10,1,0,0.66,"20171209","WHU",1,"WHUvCHE20171209","away",0,0,0,0,0,Inf,10,Inf,-1,16,"CHE-16","WHU-16",32,15,28,3,18,15,0,0,Inf,3,3,1,15,19,6
"303","TOT",5,3,20,11,2,0,0,36,12,588,7,12,1,0,0.72,"20171209","STK",1,"TOTvSTK20171209","home",1,3,0.25,0.454545454545455,2,117.6,12,Inf,4,16,"TOT-16","STK-16",28,14,28,6,15,9,0,0,3,1,0,1,8,9,17
"304","STK",1,1,4,3,6,0,0,19,6,183,2,9,0,0,0.28,"20171209","TOT",5,"TOTvSTK20171209","away",0,0,0.25,0.333333333333333,0,183,Inf,Inf,-4,16,"STK-16","TOT-16",16,-16,19,15,6,-9,0,1,-Inf,3,0,0,20,5,20
"305","CRY",2,1,24,8,3,1,2,37,6,277,5,14,5,0,0.48,"20171209","BOU",2,"CRYvBOU20171209","home",0,1,0.0833333333333333,0.25,1,138.5,2.8,Inf,0,16,"CRY-16","BOU-16",11,-17,10,20,14,-6,0,0,-6,1,1,3,17,10,15
"306","BOU",2,2,11,5,6,0,0,17,3,369,3,14,2,0,0.52,"20171209","CRY",2,"CRYvBOU20171209","away",0,1,0.181818181818182,0.4,0,184.5,7,Inf,0,16,"BOU-16","CRY-16",16,-4,15,14,20,6,0,0,6,1,0,1,11,6,19
"307","BUR",1,1,8,5,2,0,0,28,3,269,6,10,1,0,0.49,"20171209","WAT",0,"BURvWAT20171209","home",1,3,0.125,0.2,0,269,10,Inf,1,16,"BUR-16","WAT-16",28,3,15,7,9,2,1,0,0.666666666666667,0,3,0,9,15,4
"308","WAT",0,0,11,2,4,0,0,26,5,280,3,12,0,1,0.51,"20171209","BUR",1,"BURvWAT20171209","away",0,0,0,0,0,Inf,Inf,12,-1,16,"WAT-16","BUR-16",22,-2,25,9,7,-2,1,0,-Inf,1,0,3,6,2,14
"309","HUD",2,2,19,6,2,0,0,35,8,431,1,6,0,0,0.58,"20171209","BHA",0,"HUDvBHA20171209","home",1,3,0.105263157894737,0.333333333333333,0,215.5,Inf,Inf,2,16,"HUD-16","BHA-16",18,-15,11,12,13,1,1,0,0.333333333333333,0,0,0,10,4,1
"310","BHA",0,0,7,2,4,0,0,16,1,293,5,10,0,0,0.42,"20171209","HUD",2,"HUDvBHA20171209","away",0,0,0,0,0,Inf,Inf,Inf,-2,16,"BHA-16","HUD-16",17,-7,14,13,12,-1,1,0,-Inf,0,1,0,4,20,2
"311","SWA",1,0,18,3,1,0,0,30,6,385,1,8,2,0,0.53,"20171209","WBA",0,"SWAvWBA20171209","home",1,3,0.0555555555555556,0.333333333333333,1,385,4,Inf,1,16,"SWA-16","WBA-16",12,-9,9,19,17,-2,1,0,-0.666666666666667,0,0,1,13,3,13
"312","WBA",0,0,7,1,2,0,0,21,3,318,2,18,5,0,0.47,"20171209","SWA",1,"SWAvWBA20171209","away",0,0,0,0,0,Inf,3.6,Inf,-1,16,"WBA-16","SWA-16",13,-10,12,17,19,2,1,0,Inf,1,1,1,18,12,5
"313","NEW",2,2,10,4,3,0,0,17,6,240,1,10,2,0,0.38,"20171209","LEI",3,"NEWvLEI20171209","home",0,0,0.2,0.5,0,120,5,Inf,-1,16,"NEW-16","LEI-16",15,-9,16,16,8,-8,0,0,-Inf,0,1,0,3,17,8
"314","LEI",3,2,13,5,2,0,0,20,5,451,2,9,1,0,0.62,"20171209","NEW",2,"NEWvLEI20171209","away",1,3,0.230769230769231,0.6,1,150.333333333333,9,Inf,1,16,"LEI-16","NEW-16",23,1,23,8,16,8,0,0,2.66666666666667,3,3,1,7,7,18
"315","SOU",1,1,6,3,5,0,0,14,4,322,4,12,2,0,0.35,"20171210","ARS",1,"SOUvARS20171210","home",0,1,0.166666666666667,0.333333333333333,0,322,6,Inf,0,16,"SOU-16","ARS-16",18,-3,16,11,5,-6,0,1,-6,1,0,3,14,1,16
"316","ARS",1,1,11,6,2,0,0,28,5,697,1,10,2,0,0.65,"20171210","SOU",1,"SOUvARS20171210","away",0,1,0.0909090909090909,0.166666666666667,0,697,5,Inf,0,16,"ARS-16","SOU-16",29,10,30,5,11,6,0,0,6,0,3,3,2,14,7
"317","LIV",1,1,23,3,1,0,0,52,12,674,1,8,1,0,0.79,"20171210","EVE",1,"LIVvEVE20171210","home",0,1,0.0434782608695652,0.333333333333333,0,674,8,Inf,0,16,"LIV-16","EVE-16",30,14,34,4,10,6,0,0,6,3,3,1,12,16,3
"318","EVE",1,0,3,2,2,1,1,5,1,103,0,11,3,0,0.21,"20171210","LIV",1,"LIVvEVE20171210","away",0,1,0.333333333333333,0.5,1,103,3.66666666666667,Inf,0,16,"EVE-16","LIV-16",19,-9,20,10,4,-6,0,1,-6,3,3,0,16,18,10
"319","MUN",1,0,8,5,5,0,0,9,2,261,4,16,4,0,0.35,"20171210","MCI",2,"MUNvMCI20171210","home",0,0,0.125,0.2,1,261,4,Inf,-1,16,"MUN-16","MCI-16",35,25,36,2,1,-1,1,1,-Inf,3,3,3,5,8,9
"320","MCI",2,0,14,7,4,0,0,18,8,530,0,10,2,0,0.65,"20171210","MUN",1,"MUNvMCI20171210","away",1,3,0.142857142857143,0.285714285714286,2,265,5,Inf,1,16,"MCI-16","MUN-16",46,37,48,1,2,1,1,1,0.333333333333333,3,3,3,19,11,11
"321","BUR",1,1,9,2,7,0,0,19,6,274,4,6,0,0,0.53,"20171212","STK",0,"BURvSTK20171212","home",1,3,0.111111111111111,0.5,0,274,Inf,Inf,1,17,"BUR-17","STK-17",31,4,16,6,15,9,0,0,3,3,0,3,9,9,15
"322","STK",0,0,14,7,1,0,0,18,4,243,2,14,0,0,0.47,"20171212","BUR",1,"BURvSTK20171212","away",0,0,0,0,0,Inf,Inf,Inf,-1,17,"STK-17","BUR-17",16,-17,19,15,6,-9,0,1,-Inf,0,3,0,6,20,5
"323","CRY",2,0,14,4,1,0,0,22,4,332,3,14,2,0,0.56,"20171212","WAT",1,"CRYvWAT20171212","home",1,3,0.142857142857143,0.5,2,166,7,Inf,1,17,"CRY-17","WAT-17",14,-16,12,18,9,-9,0,0,-3,1,1,1,14,17,10
"324","WAT",1,1,7,2,2,0,0,31,6,251,0,18,1,1,0.44,"20171212","CRY",2,"CRYvWAT20171212","away",0,0,0.142857142857143,0.5,0,251,18,18,-1,17,"WAT-17","CRY-17",22,-3,26,9,18,9,0,0,Inf,0,1,0,7,6,2
"325","HUD",1,1,7,2,2,0,0,10,1,380,2,11,0,0,0.38,"20171212","CHE",3,"HUDvCHE20171212","home",0,0,0.142857142857143,0.5,0,380,Inf,Inf,-2,17,"HUD-17","CHE-17",18,-17,12,12,3,-9,0,1,-Inf,3,0,0,13,10,4
"326","CHE",3,3,12,5,1,0,0,26,3,715,10,4,0,0,0.62,"20171212","HUD",1,"HUDvCHE20171212","away",1,3,0.25,0.6,0,238.333333333333,Inf,Inf,2,17,"CHE-17","HUD-17",35,17,31,3,12,9,0,0,3,0,3,3,18,15,19
"327","NEW",0,0,16,5,3,0,0,31,4,420,2,10,1,1,0.53,"20171213","EVE",1,"NEWvEVE20171213","home",0,0,0,0,0,Inf,10,10,-1,17,"NEW-17","EVE-17",15,-10,16,16,10,-6,0,0,-Inf,0,0,1,8,3,17
"328","EVE",1,0,7,4,5,0,0,10,1,345,3,11,2,0,0.47,"20171213","NEW",0,"NEWvEVE20171213","away",1,3,0.142857142857143,0.25,1,345,5.5,Inf,1,17,"EVE-17","NEW-17",22,-8,21,10,16,6,0,0,2,1,3,3,4,16,18
"329","SOU",1,1,11,4,4,0,0,27,9,363,3,13,1,0,0.52,"20171213","LEI",4,"SOUvLEI20171213","home",0,0,0.0909090909090909,0.25,0,363,13,Inf,-3,17,"SOU-17","LEI-17",18,-6,17,11,8,-3,1,0,-Inf,1,1,0,5,14,1
"330","LEI",4,3,15,10,3,0,0,16,9,298,1,8,0,0,0.48,"20171213","SOU",1,"SOUvLEI20171213","away",1,3,0.266666666666667,0.4,1,74.5,Inf,Inf,3,17,"LEI-17","SOU-17",26,4,27,8,11,3,1,0,1,3,3,3,16,7,7
"331","SWA",0,0,7,1,6,0,0,11,2,168,3,12,0,0,0.25,"20171213","MCI",4,"SWAvMCI20171213","home",0,0,0,0,0,Inf,Inf,Inf,-4,17,"SWA-17","MCI-17",12,-13,9,20,1,-19,0,1,-Inf,3,0,0,17,13,3
"332","MCI",4,3,22,10,1,0,0,20,5,783,1,6,0,0,0.75,"20171213","SWA",0,"SWAvMCI20171213","away",1,3,0.181818181818182,0.4,1,195.75,Inf,Inf,4,17,"MCI-17","SWA-17",49,41,52,1,20,19,0,0,6.33333333333333,3,3,3,2,19,11
"333","LIV",0,0,13,4,1,0,0,21,5,642,1,16,1,0,0.64,"20171213","WBA",0,"LIVvWBA20171213","home",0,1,0,0,0,Inf,16,Inf,0,17,"LIV-17","WBA-17",31,14,34,5,17,12,0,0,12,1,3,3,10,12,16
"334","WBA",0,0,6,1,3,0,0,21,7,207,4,6,1,0,0.36,"20171213","LIV",0,"LIVvWBA20171213","away",0,1,0,0,0,Inf,6,Inf,0,17,"WBA-17","LIV-17",14,-10,12,17,5,-12,0,1,-12,0,1,1,19,18,12
"335","MUN",1,1,9,2,7,0,0,24,4,495,2,14,1,0,0.55,"20171213","BOU",0,"MUNvBOU20171213","home",1,3,0.111111111111111,0.5,0,495,14,Inf,1,17,"MUN-17","BOU-17",38,26,37,2,14,12,0,0,4,0,3,3,1,5,8
"336","BOU",0,0,14,7,1,0,0,30,9,368,0,12,2,0,0.45,"20171213","MUN",1,"MUNvBOU20171213","away",0,0,0,0,0,Inf,6,Inf,-1,17,"BOU-17","MUN-17",16,-5,15,14,2,-12,0,1,-Inf,1,1,0,20,11,6
"337","TOT",2,2,26,8,2,0,0,35,10,710,3,5,1,0,0.7,"20171213","BHA",0,"TOTvBHA20171213","home",1,3,0.0769230769230769,0.25,0,355,5,Inf,2,17,"TOT-17","BHA-17",31,16,30,4,13,9,0,0,3,3,1,0,15,8,9
"338","BHA",0,0,7,4,5,0,0,8,2,179,1,10,1,0,0.3,"20171213","TOT",2,"TOTvBHA20171213","away",0,0,0,0,0,Inf,10,Inf,-2,17,"BHA-17","TOT-17",17,-9,14,13,4,-9,0,1,-Inf,0,0,1,12,4,20
"339","WHU",0,0,6,0,3,0,0,15,1,220,4,9,2,0,0.36,"20171213","ARS",0,"WHUvARS20171213","home",0,1,0,NA,0,Inf,4.5,Inf,0,17,"WHU-17","ARS-17",14,-18,14,19,7,-12,0,0,-12,3,0,0,3,1,13
"340","ARS",0,0,22,3,0,0,0,31,7,650,0,9,0,0,0.64,"20171213","WHU",0,"WHUvARS20171213","away",0,1,0,0,0,Inf,Inf,Inf,0,17,"ARS-17","WHU-17",30,10,30,7,19,12,0,0,12,1,0,3,11,2,14
"341","LEI",0,0,11,2,3,0,0,33,6,387,0,12,2,1,0.57,"20171216","CRY",3,"LEIvCRY20171216","home",0,0,0,0,0,Inf,6,12,-3,18,"LEI-18","CRY-18",26,1,27,8,14,6,0,0,Inf,3,3,3,11,16,7
"342","CRY",3,3,13,6,2,0,0,15,4,285,0,13,2,0,0.43,"20171216","LEI",0,"LEIvCRY20171216","away",1,3,0.230769230769231,0.5,0,95,6.5,Inf,3,18,"CRY-18","LEI-18",17,-13,15,14,8,-6,0,0,-2,3,1,1,9,14,17
"343","ARS",1,0,23,5,2,0,0,21,7,674,1,13,2,0,0.7,"20171216","NEW",0,"ARSvNEW20171216","home",1,3,0.0434782608695652,0.2,1,674,6.5,Inf,1,18,"ARS-18","NEW-18",33,11,31,5,18,13,0,0,4.33333333333333,1,1,0,19,11,2
"344","NEW",0,0,10,2,4,0,0,18,5,200,2,9,1,0,0.3,"20171216","ARS",1,"ARSvNEW20171216","away",0,0,0,0,0,Inf,9,Inf,-1,18,"NEW-18","ARS-18",15,-11,16,18,5,-13,0,1,-Inf,0,0,0,10,8,3
"345","CHE",1,0,24,9,2,0,0,16,8,498,3,8,1,0,0.54,"20171216","SOU",0,"CHEvSOU20171216","home",1,3,0.0416666666666667,0.111111111111111,1,498,8,Inf,1,18,"CHE-18","SOU-18",38,18,32,3,12,9,0,0,3,3,0,3,12,18,15
"346","SOU",0,0,6,2,7,0,0,16,4,396,2,16,3,0,0.46,"20171216","CHE",1,"CHEvSOU20171216","away",0,0,0,0,0,Inf,5.33333333333333,Inf,-1,18,"SOU-18","CHE-18",18,-7,17,12,3,-9,0,1,-Inf,0,1,1,8,5,14
"347","WAT",1,0,13,3,3,0,0,27,8,379,3,12,2,1,0.56,"20171216","HUD",4,"WATvHUD20171216","home",0,0,0.0769230769230769,0.333333333333333,1,379,6,12,-3,18,"WAT-18","HUD-18",22,-6,27,10,11,1,1,0,Inf,0,0,1,18,7,6
"348","HUD",4,2,15,9,2,1,1,22,7,239,3,17,1,1,0.44,"20171216","WAT",1,"WATvHUD20171216","away",1,3,0.266666666666667,0.444444444444444,2,59.75,17,17,3,18,"HUD-18","WAT-18",21,-14,16,11,10,-1,1,0,-0.333333333333333,0,3,0,3,13,10
"349","STK",0,0,17,0,4,0,0,39,7,368,0,12,2,0,0.53,"20171216","WHU",3,"STKvWHU20171216","home",0,0,0,NA,0,Inf,6,Inf,-3,18,"STK-18","WHU-18",16,-20,19,17,15,-2,1,0,-Inf,0,0,3,6,6,20
"350","WHU",3,2,14,7,0,1,1,17,9,313,1,13,1,0,0.47,"20171216","STK",0,"STKvWHU20171216","away",1,3,0.214285714285714,0.428571428571429,1,104.333333333333,13,Inf,3,18,"WHU-18","STK-18",17,-15,17,15,17,2,1,0,0.666666666666667,1,3,0,7,3,1
"351","BHA",0,0,12,2,6,0,1,39,8,413,2,13,4,0,0.57,"20171216","BUR",0,"BHAvBUR20171216","home",0,1,0,0,0,Inf,3.25,Inf,0,18,"BHA-18","BUR-18",18,-9,14,13,6,-7,0,1,-7,0,0,0,4,12,4
"352","BUR",0,0,11,6,1,0,0,15,2,241,2,13,2,0,0.43,"20171216","BHA",0,"BHAvBUR20171216","away",0,1,0,0,0,Inf,6.5,Inf,0,18,"BUR-18","BHA-18",32,4,16,6,13,7,0,0,7,3,3,0,15,9,9
"353","MCI",4,4,20,11,1,0,1,18,5,390,4,13,2,0,0.51,"20171216","TOT",1,"MCIvTOT20171216","home",1,3,0.2,0.363636363636364,0,97.5,6.5,Inf,3,18,"MCI-18","TOT-18",52,44,56,1,7,6,0,0,2,3,3,3,20,2,19
"354","TOT",1,0,7,2,7,0,0,12,1,336,2,20,4,0,0.49,"20171216","MCI",4,"MCIvTOT20171216","away",0,0,0.142857142857143,0.5,1,336,5,Inf,-3,18,"TOT-18","MCI-18",31,13,31,7,1,-6,0,1,-Inf,3,3,1,13,15,8
"355","WBA",1,1,12,5,1,0,0,25,6,384,1,14,1,0,0.45,"20171217","MUN",2,"WBAvMUN20171217","home",0,0,0.0833333333333333,0.2,0,384,14,Inf,-1,18,"WBA-18","MUN-18",14,-11,13,19,2,-17,0,1,-Inf,1,0,1,5,19,18
"356","MUN",2,2,8,3,4,0,0,17,3,513,1,7,3,0,0.55,"20171217","WBA",1,"WBAvMUN20171217","away",1,3,0.25,0.666666666666667,0,256.5,2.33333333333333,Inf,1,18,"MUN-18","WBA-18",41,27,39,2,19,17,0,0,5.66666666666667,3,0,3,14,1,5
"357","BOU",0,0,6,2,3,0,0,14,2,433,2,5,1,0,0.45,"20171217","LIV",4,"BOUvLIV20171217","home",0,0,0,0,0,Inf,5,Inf,-4,18,"BOU-18","LIV-18",16,-9,15,16,4,-12,0,1,-Inf,0,1,1,2,20,11
"358","LIV",4,4,21,7,2,0,0,21,3,600,4,10,1,0,0.55,"20171217","BOU",0,"BOUvLIV20171217","away",1,3,0.19047619047619,0.571428571428571,0,150,10,Inf,4,18,"LIV-18","BOU-18",34,18,38,4,16,12,0,0,4,1,1,3,17,10,12
"359","EVE",3,1,12,7,2,1,2,16,6,367,1,12,2,0,0.49,"20171218","SWA",1,"EVEvSWA20171218","home",1,3,0.25,0.428571428571429,2,122.333333333333,6,Inf,2,18,"EVE-18","SWA-18",25,-6,24,9,20,11,0,0,3.66666666666667,3,1,3,16,4,16
"360","SWA",1,1,8,3,4,0,0,12,3,352,0,12,3,0,0.51,"20171218","EVE",3,"EVEvSWA20171218","away",0,0,0.125,0.333333333333333,0,352,4,Inf,-2,18,"SWA-18","EVE-18",12,-15,10,20,9,-11,0,0,-Inf,0,3,0,1,17,13
"361","ARS",3,3,11,4,6,0,0,22,7,429,3,9,1,0,0.51,"20171222","LIV",3,"ARSvLIV20171222","home",0,1,0.272727272727273,0.75,0,143,9,Inf,0,19,"ARS-19","LIV-19",34,11,34,6,4,-2,1,1,-2,3,1,1,18,19,11
"362","LIV",3,2,14,9,1,0,0,27,8,351,1,11,0,0,0.49,"20171222","ARS",3,"ARSvLIV20171222","away",0,1,0.214285714285714,0.333333333333333,1,117,Inf,Inf,0,19,"LIV-19","ARS-19",35,18,41,4,6,2,1,1,2,3,1,1,16,17,10
"363","EVE",0,0,5,0,5,0,0,12,2,235,2,8,3,0,0.36,"20171223","CHE",0,"EVEvCHE20171223","home",0,1,0,NA,0,Inf,2.66666666666667,Inf,0,19,"EVE-19","CHE-19",26,-6,24,9,3,-6,0,1,-6,3,3,1,20,16,4
"364","CHE",0,0,25,8,0,0,0,45,7,591,4,4,0,0,0.64,"20171223","EVE",0,"EVEvCHE20171223","away",0,1,0,0,0,Inf,Inf,Inf,0,19,"CHE-19","EVE-19",39,18,32,3,9,6,0,0,6,3,3,0,12,12,18
"365","MCI",4,4,14,5,1,0,0,24,4,842,4,8,0,0,0.74,"20171223","BOU",0,"MCIvBOU20171223","home",1,3,0.285714285714286,0.8,0,210.5,Inf,Inf,4,19,"MCI-19","BOU-19",55,48,60,1,18,17,0,0,5.66666666666667,3,3,3,7,20,2
"366","BOU",0,0,5,1,1,0,0,14,6,176,2,7,1,0,0.26,"20171223","MCI",4,"MCIvBOU20171223","away",0,0,0,0,0,Inf,7,Inf,-4,19,"BOU-19","MCI-19",16,-13,15,18,1,-17,0,1,-Inf,0,0,1,4,2,20
"367","SOU",1,1,12,6,2,0,0,27,9,287,3,16,2,0,0.48,"20171223","HUD",1,"SOUvHUD20171223","home",0,1,0.0833333333333333,0.166666666666667,0,287,8,Inf,0,19,"SOU-19","HUD-19",19,-7,18,13,11,-2,1,0,-2,0,0,1,3,8,5
"368","HUD",1,1,10,3,5,0,0,23,1,244,4,9,1,0,0.52,"20171223","SOU",1,"SOUvHUD20171223","away",0,1,0.1,0.333333333333333,0,244,9,Inf,0,19,"HUD-19","SOU-19",22,-14,17,11,13,2,1,0,2,3,0,3,10,3,13
"369","WHU",2,0,19,6,1,0,1,37,6,361,4,9,1,0,0.59,"20171223","NEW",3,"WHUvNEW20171223","home",0,0,0.105263157894737,0.333333333333333,2,180.5,9,Inf,-1,19,"WHU-19","NEW-19",17,-16,19,17,15,-2,1,0,-Inf,3,1,3,17,7,3
"370","NEW",3,2,11,4,4,0,0,18,3,169,0,12,1,0,0.41,"20171223","WHU",2,"WHUvNEW20171223","away",1,3,0.272727272727273,0.75,1,56.3333333333333,12,Inf,1,19,"NEW-19","WHU-19",18,-10,19,15,17,2,1,0,0.666666666666667,0,0,0,5,10,8
"371","STK",3,3,9,5,6,0,0,18,1,279,0,9,1,0,0.46,"20171223","WBA",1,"STKvWBA20171223","home",1,3,0.333333333333333,0.6,0,93,9,Inf,2,19,"STK-19","WBA-19",19,-18,22,14,19,5,0,0,1.66666666666667,0,0,0,15,6,6
"372","WBA",1,1,17,7,2,0,0,46,11,377,2,11,0,0,0.54,"20171223","STK",3,"STKvWBA20171223","away",0,0,0.0588235294117647,0.142857142857143,0,377,Inf,Inf,-2,19,"WBA-19","STK-19",14,-13,14,19,14,-5,0,0,-Inf,0,1,0,2,5,19
"373","SWA",1,1,7,2,4,0,0,28,6,535,1,13,2,0,0.63,"20171223","CRY",1,"SWAvCRY20171223","home",0,1,0.142857142857143,0.5,0,535,6.5,Inf,0,19,"SWA-19","CRY-19",13,-15,11,20,16,-4,0,0,-4,0,0,3,9,1,17
"374","CRY",1,0,13,5,1,1,1,14,3,276,1,11,3,0,0.37,"20171223","SWA",1,"SWAvCRY20171223","away",0,1,0.0769230769230769,0.2,1,276,3.66666666666667,Inf,0,19,"CRY-19","SWA-19",18,-13,16,16,20,4,0,0,4,3,3,1,8,9,14
"375","BHA",1,1,14,3,1,0,0,24,6,328,6,8,0,0,0.52,"20171223","WAT",0,"BHAvWAT20171223","home",1,3,0.0714285714285714,0.333333333333333,0,328,Inf,Inf,1,19,"BHA-19","WAT-19",21,-8,15,12,10,-2,1,0,-0.666666666666667,1,0,0,6,4,12
"376","WAT",0,0,13,1,2,0,0,23,4,317,0,11,0,0,0.48,"20171223","BHA",1,"BHAvWAT20171223","away",0,0,0,0,0,Inf,Inf,Inf,-1,19,"WAT-19","BHA-19",22,-7,27,10,12,2,1,0,Inf,0,0,0,11,18,7
"377","BUR",0,0,5,2,5,0,0,23,4,254,5,10,1,0,0.41,"20171223","TOT",3,"BURvTOT20171223","home",0,0,0,0,0,Inf,10,Inf,-3,19,"BUR-19","TOT-19",32,1,16,7,5,-2,1,1,-Inf,1,3,3,13,15,9
"378","TOT",3,2,18,8,2,1,1,12,4,451,1,10,2,0,0.59,"20171223","BUR",0,"BURvTOT20171223","away",1,3,0.166666666666667,0.375,1,150.333333333333,5,Inf,3,19,"TOT-19","BUR-19",34,16,34,5,7,2,1,0,0.666666666666667,0,3,3,1,13,15
"379","LEI",2,2,11,3,4,0,0,22,4,373,0,19,2,1,0.53,"20171223","MUN",2,"LEIvMUN20171223","home",0,1,0.181818181818182,0.666666666666667,0,186.5,9.5,19,0,19,"LEI-19","MUN-19",27,1,29,8,2,-6,0,1,-6,0,3,3,14,11,16
"380","MUN",2,1,19,6,1,0,0,19,6,382,5,8,2,0,0.47,"20171223","LEI",2,"LEIvMUN20171223","away",0,1,0.105263157894737,0.333333333333333,1,191,4,Inf,0,19,"MUN-19","LEI-19",42,27,41,2,8,6,0,0,6,3,3,0,19,14,1
"381","TOT",5,5,16,6,4,0,0,18,3,417,1,8,0,0,0.56,"20171226","SOU",2,"TOTvSOU20171226","home",1,3,0.3125,0.833333333333333,0,83.4,Inf,Inf,3,20,"TOT-20","SOU-20",37,19,39,5,14,9,0,0,3,3,0,3,7,1,13
"382","SOU",2,0,16,6,1,0,0,24,8,290,1,15,2,0,0.44,"20171226","TOT",5,"TOTvSOU20171226","away",0,0,0.125,0.333333333333333,2,145,7.5,Inf,-3,20,"SOU-20","TOT-20",19,-10,20,14,5,-9,0,1,-Inf,1,0,0,11,3,8
"383","CHE",2,2,25,8,1,0,0,31,13,632,2,8,0,0,0.63,"20171226","BHA",0,"CHEvBHA20171226","home",1,3,0.08,0.25,0,316,Inf,Inf,2,20,"CHE-20","BHA-20",42,20,34,3,12,9,0,0,3,1,3,3,9,12,12
"384","BHA",0,0,8,1,5,0,0,14,1,280,2,8,1,0,0.37,"20171226","CHE",2,"CHEvBHA20171226","away",0,0,0,0,0,Inf,8,Inf,-2,20,"BHA-20","CHE-20",21,-10,15,12,3,-9,0,1,-Inf,3,1,0,10,6,4
"385","MUN",2,1,23,6,0,0,0,60,12,563,0,10,3,0,0.71,"20171226","BUR",2,"MUNvBUR20171226","home",0,1,0.0869565217391304,0.333333333333333,1,281.5,3.33333333333333,Inf,0,20,"MUN-20","BUR-20",43,27,43,2,7,5,0,0,5,1,3,3,8,19,14
"386","BUR",2,1,3,2,3,0,0,10,2,165,1,14,7,0,0.29,"20171226","MUN",2,"MUNvBUR20171226","away",0,1,0.666666666666667,1,1,82.5,2,Inf,0,20,"BUR-20","MUN-20",33,1,18,7,2,-5,0,1,-5,0,1,3,5,13,15
"387","WAT",2,0,11,1,4,0,0,29,8,252,4,7,3,0,0.5,"20171226","LEI",1,"WATvLEI20171226","home",1,3,0.181818181818182,2,2,126,2.33333333333333,Inf,1,20,"WAT-20","LEI-20",25,-6,29,10,8,-2,1,0,-0.666666666666667,0,0,0,12,11,18
"388","LEI",1,1,11,5,0,0,0,30,8,266,6,13,3,0,0.5,"20171226","WAT",2,"WATvLEI20171226","away",0,0,0.0909090909090909,0.2,0,266,4.33333333333333,Inf,-1,20,"LEI-20","WAT-20",27,0,30,8,10,2,1,0,Inf,1,0,3,2,14,11
"389","WBA",0,0,17,3,3,0,0,46,10,284,1,14,2,0,0.52,"20171226","EVE",0,"WBAvEVE20171226","home",0,1,0,0,0,Inf,7,Inf,0,20,"WBA-20","EVE-20",15,-13,14,19,9,-10,0,0,-10,0,0,1,14,2,5
"390","EVE",0,0,7,3,3,0,0,22,2,261,1,13,0,0,0.48,"20171226","WBA",0,"WBAvEVE20171226","away",0,1,0,0,0,Inf,Inf,Inf,0,20,"EVE-20","WBA-20",27,-6,24,9,19,10,0,0,10,1,3,3,3,20,16
"391","HUD",1,1,18,8,5,0,0,38,8,463,2,9,2,0,0.6,"20171226","STK",1,"HUDvSTK20171226","home",0,1,0.0555555555555556,0.125,0,463,4.5,Inf,0,20,"HUD-20","STK-20",23,-14,18,11,13,2,1,0,2,1,3,0,13,10,3
"392","STK",1,1,15,7,7,0,0,13,5,277,2,12,4,0,0.4,"20171226","HUD",1,"HUDvSTK20171226","away",0,1,0.0666666666666667,0.142857142857143,0,277,3,Inf,0,20,"STK-20","HUD-20",20,-18,23,13,11,-2,1,0,-2,3,0,0,19,15,6
"393","BOU",3,3,26,10,2,0,0,36,7,354,0,12,3,0,0.55,"20171226","WHU",3,"BOUvWHU20171226","home",0,1,0.115384615384615,0.3,0,118,4,Inf,0,20,"BOU-20","WHU-20",17,-13,18,18,17,-1,1,0,-1,0,0,0,1,4,2
"394","WHU",3,1,10,5,7,0,0,18,4,254,2,14,4,0,0.45,"20171226","BOU",3,"BOUvWHU20171226","away",0,1,0.3,0.6,2,84.6666666666667,3.5,Inf,0,20,"WHU-20","BOU-20",18,-16,22,17,18,1,1,0,1,0,3,1,15,17,7
"395","LIV",5,3,22,9,4,0,0,24,4,540,3,5,0,0,0.58,"20171226","SWA",0,"LIVvSWA20171226","home",1,3,0.227272727272727,0.555555555555556,2,108,Inf,Inf,5,20,"LIV-20","SWA-20",38,23,46,4,20,16,0,0,5.33333333333333,1,3,1,6,16,17
"396","SWA",0,0,7,4,4,0,0,11,2,422,0,8,1,0,0.42,"20171226","LIV",5,"LIVvSWA20171226","away",0,0,0,0,0,Inf,8,Inf,-5,20,"SWA-20","LIV-20",13,-20,11,20,4,-16,0,1,-Inf,1,0,0,16,9,1
"397","NEW",0,0,6,2,5,0,0,7,3,147,4,11,1,0,0.21,"20171227","MCI",1,"NEWvMCI20171227","home",0,0,0,0,0,Inf,11,Inf,-1,20,"NEW-20","MCI-20",18,-11,19,15,1,-14,0,1,-Inf,3,0,0,17,5,10
"398","MCI",1,1,21,6,1,0,0,23,8,763,4,6,0,0,0.79,"20171227","NEW",0,"NEWvMCI20171227","away",1,3,0.0476190476190476,0.166666666666667,0,763,Inf,Inf,1,20,"MCI-20","NEW-20",58,49,61,1,15,14,0,0,4.66666666666667,3,3,3,18,7,20
"399","CRY",2,2,16,2,6,0,0,28,5,263,1,12,1,0,0.42,"20171228","ARS",3,"CRYvARS20171228","home",0,0,0.125,1,0,131.5,12,Inf,-1,20,"CRY-20","ARS-20",18,-14,18,16,6,-10,0,1,-Inf,1,3,3,20,8,9
"400","ARS",3,2,16,9,0,0,0,25,4,578,3,7,1,0,0.58,"20171228","CRY",2,"CRYvARS20171228","away",1,3,0.1875,0.333333333333333,1,192.666666666667,7,Inf,1,20,"ARS-20","CRY-20",37,12,37,6,16,10,0,0,3.33333333333333,1,3,1,4,18,19
"401","CHE",5,2,21,12,1,1,1,23,7,619,3,5,1,0,0.59,"20171230","STK",0,"CHEvSTK20171230","home",1,3,0.238095238095238,0.416666666666667,3,123.8,5,Inf,5,21,"CHE-21","STK-21",45,25,39,2,16,14,0,0,4.66666666666667,3,1,3,12,9,12
"402","STK",0,0,1,1,7,0,0,5,0,422,2,10,1,0,0.41,"20171230","CHE",5,"CHEvSTK20171230","away",0,0,0,0,0,Inf,10,Inf,-5,21,"STK-21","CHE-21",20,-23,23,16,2,-14,0,1,-Inf,1,3,0,11,19,15
"403","LIV",2,2,17,6,0,0,0,28,7,491,5,7,3,0,0.62,"20171230","LEI",1,"LIVvLEI20171230","home",1,3,0.117647058823529,0.333333333333333,0,245.5,2.33333333333333,Inf,1,21,"LIV-21","LEI-21",41,24,48,4,8,4,0,0,1.33333333333333,3,1,3,20,6,16
"404","LEI",1,1,7,1,4,0,0,21,1,255,3,3,2,0,0.38,"20171230","LIV",2,"LIVvLEI20171230","away",0,0,0.142857142857143,1,0,255,1.5,Inf,-1,21,"LEI-21","LIV-21",27,-1,31,8,4,-4,0,1,-Inf,0,1,0,10,2,14
"405","NEW",0,0,11,2,3,0,0,21,3,334,1,11,2,0,0.45,"20171230","BHA",0,"NEWvBHA20171230","home",0,1,0,0,0,Inf,5.5,Inf,0,21,"NEW-21","BHA-21",19,-11,19,17,12,-5,0,0,-5,0,3,0,1,17,5
"406","BHA",0,0,10,3,2,0,0,29,6,438,2,10,2,0,0.55,"20171230","NEW",0,"NEWvBHA20171230","away",0,1,0,0,0,Inf,5,Inf,0,21,"BHA-21","NEW-21",22,-10,15,12,17,5,0,0,5,0,3,1,3,10,6
"407","WAT",1,0,9,4,2,0,0,22,1,431,3,14,4,0,0.5,"20171230","SWA",2,"WATvSWA20171230","home",0,0,0.111111111111111,0.25,1,431,3.5,Inf,-1,21,"WAT-21","SWA-21",25,-7,30,10,20,10,0,0,Inf,3,0,0,8,12,11
"408","SWA",2,1,9,4,3,0,0,18,8,412,2,13,2,0,0.5,"20171230","WAT",1,"WATvSWA20171230","away",1,3,0.222222222222222,0.5,1,206,6.5,Inf,1,21,"SWA-21","WAT-21",16,-19,13,20,10,-10,0,0,-3.33333333333333,0,1,0,4,16,9
"409","HUD",0,0,3,1,3,0,0,23,5,308,0,14,2,0,0.57,"20171230","BUR",0,"HUDvBUR20171230","home",0,1,0,0,0,Inf,7,Inf,0,21,"HUD-21","BUR-21",24,-14,18,11,7,-4,0,0,-4,1,1,3,13,13,10
"410","BUR",0,0,11,4,1,0,0,15,4,201,3,14,1,0,0.43,"20171230","HUD",0,"HUDvBUR20171230","away",0,1,0,0,0,Inf,14,Inf,0,21,"BUR-21","HUD-21",34,1,18,7,11,4,0,0,4,1,0,1,2,5,13
"411","BOU",2,2,19,7,0,0,0,21,4,325,0,8,0,0,0.47,"20171230","EVE",1,"BOUvEVE20171230","home",1,3,0.105263157894737,0.285714285714286,0,162.5,Inf,Inf,1,21,"BOU-21","EVE-21",20,-12,20,15,9,-6,0,0,-2,1,0,0,17,1,4
"412","EVE",1,1,6,1,5,0,0,16,4,372,5,13,0,0,0.53,"20171230","BOU",2,"BOUvEVE20171230","away",0,0,0.166666666666667,1,0,372,Inf,Inf,-1,21,"EVE-21","BOU-21",27,-7,25,9,15,6,0,0,Inf,1,1,3,19,3,20
"413","MUN",0,0,15,3,3,0,0,43,10,451,1,12,2,0,0.53,"20171230","SOU",0,"MUNvSOU20171230","home",0,1,0,0,0,Inf,6,Inf,0,21,"MUN-21","SOU-21",44,27,43,3,14,11,0,0,11,1,1,3,7,8,19
"414","SOU",0,0,8,3,3,0,0,24,7,340,2,13,4,0,0.47,"20171230","MUN",0,"MUNvSOU20171230","away",0,1,0,0,0,Inf,3.25,Inf,0,21,"SOU-21","MUN-21",20,-10,20,14,3,-11,0,1,-11,0,1,0,5,11,3
"415","CRY",0,0,10,1,4,0,1,18,7,131,4,14,5,0,0.31,"20171231","MCI",0,"CRYvMCI20171231","home",0,1,0,0,0,Inf,2.8,Inf,0,21,"CRY-21","MCI-21",19,-14,18,18,1,-17,0,1,-17,0,1,3,6,20,8
"416","MCI",0,0,15,4,1,0,0,36,8,569,2,11,4,0,0.69,"20171231","CRY",0,"CRYvMCI20171231","away",0,1,0,0,0,Inf,2.75,Inf,0,21,"MCI-21","CRY-21",59,49,61,1,18,17,0,0,17,3,3,3,15,18,7
"417","WBA",1,0,14,3,4,1,1,32,5,251,1,14,3,0,0.41,"20171231","ARS",1,"WBAvARS20171231","home",0,1,0.0714285714285714,0.333333333333333,1,251,4.66666666666667,Inf,0,21,"WBA-21","ARS-21",16,-13,15,19,6,-13,0,1,-13,1,0,0,9,14,2
"418","ARS",1,0,14,4,2,0,0,18,6,558,2,9,3,0,0.59,"20171231","WBA",1,"WBAvARS20171231","away",0,1,0.0714285714285714,0.25,1,558,3,Inf,0,21,"ARS-21","WBA-21",38,12,38,6,19,13,0,0,13,3,1,3,16,4,18
"419","BHA",2,2,15,6,6,0,0,24,5,310,1,13,2,0,0.48,"20180101","BOU",2,"BHAvBOU20180101","home",0,1,0.133333333333333,0.333333333333333,0,155,6.5,Inf,0,22,"BHA-22","BOU-22",23,-10,17,12,16,4,0,0,4,1,0,3,17,3,10
"420","BOU",2,2,27,9,4,0,0,29,12,353,0,9,1,0,0.52,"20180101","BHA",2,"BHAvBOU20180101","away",0,1,0.0740740740740741,0.222222222222222,0,176.5,9,Inf,0,22,"BOU-22","BHA-22",21,-12,22,16,12,-4,0,0,-4,3,1,0,9,17,1
"421","LEI",3,2,11,5,1,0,0,25,4,392,4,7,1,0,0.47,"20180101","HUD",0,"LEIvHUD20180101","home",1,3,0.272727272727273,0.6,1,130.666666666667,7,Inf,3,22,"LEI-22","HUD-22",30,2,34,8,11,3,1,0,1,0,0,1,4,10,2
"422","HUD",0,0,6,1,2,0,0,17,1,378,1,9,1,0,0.53,"20180101","LEI",3,"LEIvHUD20180101","away",0,0,0,0,0,Inf,9,Inf,-3,22,"HUD-22","LEI-22",24,-17,18,11,8,-3,1,0,-Inf,1,1,1,7,13,13
"423","BUR",1,1,12,4,3,0,0,20,3,271,1,4,0,0,0.39,"20180101","LIV",2,"BURvLIV20180101","home",0,0,0.0833333333333333,0.25,0,271,Inf,Inf,-1,22,"BUR-22","LIV-22",34,0,19,7,4,-3,1,1,-Inf,1,1,0,11,2,5
"424","LIV",2,1,18,5,3,0,0,27,9,447,2,12,0,0,0.61,"20180101","BUR",1,"BURvLIV20180101","away",1,3,0.111111111111111,0.4,1,223.5,Inf,Inf,1,22,"LIV-22","BUR-22",44,25,50,4,7,3,1,0,1,3,3,1,8,20,6
"425","STK",0,0,11,4,5,0,0,37,10,374,2,10,3,0,0.56,"20180101","NEW",1,"STKvNEW20180101","home",0,0,0,0,0,Inf,3.33333333333333,Inf,-1,22,"STK-22","NEW-22",20,-24,23,18,13,-5,0,0,-Inf,0,1,3,2,11,19
"426","NEW",1,1,13,6,4,0,0,19,5,238,0,11,1,0,0.44,"20180101","STK",0,"STKvNEW20180101","away",1,3,0.0769230769230769,0.166666666666667,0,238,11,Inf,1,22,"NEW-22","STK-22",22,-10,20,13,18,5,0,0,1.66666666666667,1,0,3,12,1,17
"427","EVE",0,0,12,0,4,0,0,29,6,293,1,11,2,0,0.43,"20180101","MUN",2,"EVEvMUN20180101","home",0,0,0,NA,0,Inf,5.5,Inf,-2,22,"EVE-22","MUN-22",27,-9,25,9,2,-7,0,1,-Inf,0,1,1,15,19,3
"428","MUN",2,2,21,6,0,0,0,16,6,504,1,10,0,0,0.57,"20180101","EVE",0,"EVEvMUN20180101","away",1,3,0.0952380952380952,0.333333333333333,0,252,Inf,Inf,2,22,"MUN-22","EVE-22",47,29,45,2,9,7,0,0,2.33333333333333,1,1,1,14,7,8
"429","SOU",1,1,10,3,2,0,0,20,4,474,1,8,0,0,0.59,"20180102","CRY",2,"SOUvCRY20180102","home",0,0,0.1,0.333333333333333,0,474,Inf,Inf,-1,22,"SOU-22","CRY-22",20,-11,21,17,14,-3,1,0,-Inf,1,0,1,3,5,11
"430","CRY",2,2,11,4,2,0,0,18,7,262,0,11,1,0,0.41,"20180102","SOU",1,"SOUvCRY20180102","away",1,3,0.181818181818182,0.5,0,131,11,Inf,1,22,"CRY-22","SOU-22",22,-13,20,14,17,3,1,0,1,1,0,1,1,6,20
"431","WHU",2,2,13,5,2,0,0,34,3,406,1,12,3,0,0.52,"20180102","WBA",1,"WHUvWBA20180102","home",1,3,0.153846153846154,0.4,0,203,4,Inf,1,21,"WHU-21","WBA-21",21,-15,24,13,19,6,0,0,2,1,0,3,18,15,17
"432","WBA",1,1,10,3,3,0,0,26,4,342,1,12,2,0,0.48,"20180102","WHU",2,"WHUvWBA20180102","away",0,0,0.1,0.333333333333333,0,342,6,Inf,-1,22,"WBA-22","WHU-22",16,-14,16,19,15,-4,0,0,-Inf,1,1,0,6,9,14
"433","SWA",0,0,8,1,3,0,0,18,6,253,4,12,2,0,0.36,"20180102","TOT",2,"SWAvTOT20180102","home",0,0,0,0,0,Inf,6,Inf,-2,22,"SWA-22","TOT-22",16,-21,13,20,5,-15,0,1,-Inf,3,0,1,10,4,16
"434","TOT",2,1,12,5,1,0,0,23,5,618,2,9,2,0,0.64,"20180102","SWA",0,"SWAvTOT20180102","away",1,3,0.166666666666667,0.4,1,309,4.5,Inf,2,21,"TOT-21","SWA-21",40,21,41,5,20,15,0,0,5,3,3,0,14,7,1
"435","MCI",3,1,17,6,3,0,0,29,9,807,1,8,1,0,0.74,"20180102","WAT",1,"MCIvWAT20180102","home",1,3,0.176470588235294,0.5,2,269,8,Inf,2,22,"MCI-22","WAT-22",62,51,64,1,10,9,0,0,3,1,3,3,18,15,18
"436","WAT",1,1,7,4,4,0,0,8,1,206,3,12,1,0,0.26,"20180102","MCI",3,"MCIvWAT20180102","away",0,0,0.142857142857143,0.25,0,206,12,Inf,-2,22,"WAT-22","MCI-22",25,-9,31,10,1,-9,0,1,-Inf,0,3,0,20,8,12
"437","ARS",2,0,14,6,4,0,0,29,10,531,2,11,3,0,0.54,"20180103","CHE",2,"ARSvCHE20180103","home",0,1,0.142857142857143,0.333333333333333,2,265.5,3.66666666666667,Inf,0,22,"ARS-22","CHE-22",39,12,40,6,3,-3,1,1,-3,1,3,1,19,16,4
"438","CHE",2,1,19,6,4,1,1,23,8,361,3,11,2,0,0.46,"20180103","ARS",2,"ARSvCHE20180103","away",0,1,0.105263157894737,0.333333333333333,1,180.5,5.5,Inf,0,22,"CHE-22","ARS-22",46,25,41,3,6,3,1,1,3,3,3,1,16,12,9
"439","TOT",1,1,31,8,0,0,0,41,7,603,3,10,0,0,0.67,"20180104","WHU",1,"TOTvWHU20180104","home",0,1,0.032258064516129,0.125,0,603,Inf,Inf,0,22,"TOT-22","WHU-22",41,21,42,5,15,10,0,0,10,3,3,3,20,14,7
"440","WHU",1,1,3,1,7,0,0,9,1,197,3,6,2,0,0.33,"20180104","TOT",1,"TOTvWHU20180104","away",0,1,0.333333333333333,1,0,197,3,Inf,0,22,"WHU-22","TOT-22",22,-15,25,15,5,-10,0,1,-10,3,1,0,19,18,15
"441","CHE",0,0,17,7,1,0,0,25,6,431,5,14,2,0,0.56,"20180113","LEI",0,"CHEvLEI20180113","home",0,1,0,0,0,Inf,7,Inf,0,23,"CHE-23","LEI-23",47,25,41,4,8,4,0,0,4,1,3,3,6,16,12
"442","LEI",0,0,14,1,6,0,0,16,3,342,3,13,2,1,0.44,"20180113","CHE",0,"CHEvLEI20180113","away",0,1,0,0,0,Inf,6.5,13,0,23,"LEI-23","CHE-23",31,2,34,8,4,-4,0,1,-4,3,0,0,11,4,10
"443","NEW",1,0,12,4,2,0,0,18,4,280,2,11,0,0,0.41,"20180113","SWA",1,"NEWvSWA20180113","home",0,1,0.0833333333333333,0.25,1,280,Inf,Inf,0,23,"NEW-23","SWA-23",23,-10,21,15,20,5,0,0,5,3,1,0,18,12,1
"444","SWA",1,0,8,5,3,0,0,23,5,416,0,10,3,0,0.59,"20180113","NEW",1,"NEWvSWA20180113","away",0,1,0.125,0.2,1,416,3.33333333333333,Inf,0,23,"SWA-23","NEW-23",17,-21,14,20,15,-5,0,0,-5,0,3,0,5,10,4
"445","CRY",1,1,17,2,2,0,0,21,3,235,0,16,0,0,0.46,"20180113","BUR",0,"CRYvBUR20180113","home",1,3,0.0588235294117647,0.5,0,235,Inf,Inf,1,23,"CRY-23","BUR-23",25,-12,21,12,7,-5,0,0,-1.66666666666667,3,1,0,17,1,6
"446","BUR",0,0,8,2,1,0,0,25,2,335,4,10,3,0,0.54,"20180113","CRY",1,"CRYvBUR20180113","away",0,0,0,0,0,Inf,3.33333333333333,Inf,-1,23,"BUR-23","CRY-23",34,-1,19,7,12,5,0,0,Inf,0,1,1,4,11,2
"447","WAT",2,1,16,4,2,0,0,32,5,390,0,11,0,0,0.54,"20180113","SOU",2,"WATvSOU20180113","home",0,1,0.125,0.5,1,195,Inf,Inf,0,23,"WAT-23","SOU-23",26,-9,33,10,17,7,0,0,7,0,0,3,1,20,8
"448","SOU",2,1,10,4,2,0,0,21,4,271,3,13,5,0,0.46,"20180113","WAT",2,"WATvSOU20180113","away",0,1,0.2,0.5,1,135.5,2.6,Inf,0,23,"SOU-23","WAT-23",21,-11,23,17,10,-7,0,0,-7,0,1,0,14,3,5
"449","WBA",2,2,15,4,1,0,0,24,9,262,3,8,0,0,0.44,"20180113","BHA",0,"WBAvBHA20180113","home",1,3,0.133333333333333,0.5,0,131,Inf,Inf,2,23,"WBA-23","BHA-23",19,-12,18,19,16,-3,1,0,-1,0,1,1,15,6,9
"450","BHA",0,0,13,1,2,0,0,28,6,378,2,15,0,0,0.56,"20180113","WBA",2,"WBAvBHA20180113","away",0,0,0,0,0,Inf,Inf,Inf,-2,23,"BHA-23","WBA-23",23,-12,17,16,19,3,1,0,Inf,1,1,0,16,17,3
"451","HUD",1,1,8,2,2,0,0,27,7,485,0,7,1,0,0.62,"20180113","WHU",4,"HUDvWHU20180113","home",0,0,0.125,0.5,0,485,7,Inf,-3,23,"HUD-23","WHU-23",24,-20,19,14,11,-3,1,0,-Inf,0,1,1,8,7,13
"452","WHU",4,3,8,6,1,0,0,7,3,230,5,9,1,0,0.38,"20180113","HUD",1,"HUDvWHU20180113","away",1,3,0.5,0.666666666666667,1,57.5,9,Inf,3,23,"WHU-23","HUD-23",25,-12,29,11,14,3,1,0,1,1,3,1,5,19,18
"453","TOT",4,4,20,10,0,0,0,23,3,501,2,11,0,0,0.63,"20180113","EVE",0,"TOTvEVE20180113","home",1,3,0.2,0.4,0,125.25,Inf,Inf,4,23,"TOT-23","EVE-23",44,25,46,5,9,4,0,0,1.33333333333333,1,3,3,15,20,14
"454","EVE",0,0,7,0,6,0,0,13,3,258,7,15,2,0,0.37,"20180113","TOT",4,"TOTvEVE20180113","away",0,0,0,NA,0,Inf,7.5,Inf,-4,23,"EVE-23","TOT-23",27,-13,25,9,5,-4,0,1,-Inf,0,0,1,2,15,19
"455","BOU",2,2,13,5,2,0,0,18,4,266,0,8,2,0,0.44,"20180114","ARS",1,"BOUvARS20180114","home",1,3,0.153846153846154,0.4,0,133,4,Inf,1,23,"BOU-23","ARS-23",24,-11,24,13,6,-7,0,1,-2.33333333333333,1,3,1,12,9,17
"456","ARS",1,1,12,3,3,0,0,20,5,435,4,10,2,0,0.56,"20180114","BOU",2,"BOUvARS20180114","away",0,0,0.0833333333333333,0.333333333333333,0,435,5,Inf,-1,23,"ARS-23","BOU-23",39,11,41,6,13,7,0,0,Inf,1,1,3,3,19,16
"457","LIV",4,3,16,7,1,0,0,17,5,304,3,10,2,0,0.39,"20180114","MCI",3,"LIVvMCI20180114","home",1,3,0.25,0.571428571428571,1,76,5,Inf,1,23,"LIV-23","MCI-23",47,26,54,3,1,-2,1,1,-0.666666666666667,3,3,3,7,8,20
"458","MCI",3,2,11,4,3,0,0,21,6,597,3,7,3,0,0.61,"20180114","LIV",4,"LIVvMCI20180114","away",0,0,0.272727272727273,0.75,1,199,2.33333333333333,Inf,-1,23,"MCI-23","LIV-23",62,50,67,1,3,2,1,1,Inf,3,1,3,10,18,15
"459","MUN",3,3,20,9,4,0,0,20,6,560,4,14,2,0,0.59,"20180115","STK",0,"MUNvSTK20180115","home",1,3,0.15,0.333333333333333,0,186.666666666667,7,Inf,3,23,"MUN-23","STK-23",50,32,48,2,18,16,0,0,5.33333333333333,3,1,1,9,14,7
"460","STK",0,0,11,5,6,0,0,11,1,332,0,10,1,0,0.41,"20180115","MUN",3,"MUNvSTK20180115","away",0,0,0,0,0,Inf,10,Inf,-3,23,"STK-23","MUN-23",20,-27,23,18,2,-16,0,1,-Inf,0,0,1,13,2,11
"461","BHA",0,0,10,3,6,0,0,34,5,328,4,12,3,0,0.44,"20180120","CHE",4,"BHAvCHE20180120","home",0,0,0,0,0,Inf,4,Inf,-4,24,"BHA-24","CHE-24",23,-16,17,16,3,-13,0,1,-Inf,0,1,1,19,16,17
"462","CHE",4,3,14,10,3,0,0,13,3,472,0,5,0,0,0.56,"20180120","BHA",0,"BHAvCHE20180120","away",1,3,0.285714285714286,0.4,1,118,Inf,Inf,4,24,"CHE-24","BHA-24",50,29,45,3,16,13,0,0,4.33333333333333,1,1,3,8,6,16
"463","ARS",4,4,16,10,4,0,0,13,5,656,3,6,0,0,0.6,"20180120","CRY",1,"ARSvCRY20180120","home",1,3,0.25,0.4,0,164,Inf,Inf,3,24,"ARS-24","CRY-24",42,14,45,6,13,7,0,0,2.33333333333333,0,1,1,13,3,19
"464","CRY",1,1,9,5,6,0,0,31,10,366,1,8,0,0,0.4,"20180120","ARS",4,"ARSvCRY20180120","away",0,0,0.111111111111111,0.2,0,366,Inf,Inf,-3,24,"CRY-24","ARS-24",25,-15,22,13,6,-7,0,1,-Inf,3,3,1,7,17,1
"465","EVE",1,1,9,4,4,0,0,15,0,377,0,15,2,0,0.54,"20180120","WBA",1,"EVEvWBA20180120","home",0,1,0.111111111111111,0.25,0,377,7.5,Inf,0,24,"EVE-24","WBA-24",28,-13,26,9,19,10,0,0,10,0,0,0,5,2,15
"466","WBA",1,1,15,5,3,0,0,16,3,245,0,10,1,0,0.46,"20180120","EVE",1,"EVEvWBA20180120","away",0,1,0.0666666666666667,0.2,0,245,10,Inf,0,24,"WBA-24","EVE-24",20,-12,19,19,9,-10,0,0,-10,3,0,1,16,15,6
"467","LEI",2,1,9,5,3,1,1,13,4,340,5,11,0,0,0.55,"20180120","WAT",0,"LEIvWAT20180120","home",1,3,0.222222222222222,0.4,1,170,Inf,Inf,2,24,"LEI-24","WAT-24",34,4,36,7,10,3,1,0,1,1,3,0,4,11,4
"468","WAT",0,0,11,3,3,0,0,26,5,274,3,10,0,0,0.45,"20180120","LEI",2,"LEIvWAT20180120","away",0,0,0,0,0,Inf,Inf,Inf,-2,24,"WAT-24","LEI-24",26,-11,33,10,7,-3,1,0,-Inf,1,0,0,17,1,20
"469","WHU",1,0,12,4,2,0,0,32,6,307,5,8,3,0,0.47,"20180120","BOU",1,"WHUvBOU20180120","home",0,1,0.0833333333333333,0.25,1,307,2.66666666666667,Inf,0,24,"WHU-24","BOU-24",26,-12,30,11,12,1,1,0,1,3,1,3,14,5,19
"470","BOU",1,1,8,3,3,0,0,21,3,359,5,7,1,0,0.53,"20180120","WHU",1,"WHUvBOU20180120","away",0,1,0.125,0.333333333333333,0,359,7,Inf,0,24,"BOU-24","WHU-24",25,-11,25,12,11,-1,1,0,-1,3,1,3,6,12,9
"471","BUR",0,0,13,2,1,0,0,28,5,352,1,7,3,0,0.46,"20180120","MUN",1,"BURvMUN20180120","home",0,0,0,0,0,Inf,2.33333333333333,Inf,-1,24,"BUR-24","MUN-24",34,-2,19,8,2,-6,0,1,-Inf,0,0,1,12,4,11
"472","MUN",1,1,12,2,2,0,0,20,4,384,2,12,3,0,0.54,"20180120","BUR",0,"BURvMUN20180120","away",1,3,0.0833333333333333,0.5,0,384,4,Inf,1,24,"MUN-24","BUR-24",53,33,49,2,8,6,0,0,2,3,3,1,18,9,14
"473","STK",2,2,11,6,3,0,0,17,3,207,10,18,1,0,0.49,"20180120","HUD",0,"STKvHUD20180120","home",1,3,0.181818181818182,0.333333333333333,0,103.5,18,Inf,2,24,"STK-24","HUD-24",23,-25,25,17,14,-3,1,0,-1,0,0,0,2,13,2
"474","HUD",0,0,6,3,4,0,0,19,2,221,0,13,1,0,0.51,"20180120","STK",2,"STKvHUD20180120","away",0,0,0,0,0,Inf,13,Inf,-2,24,"HUD-24","STK-24",24,-22,19,14,17,3,1,0,Inf,0,0,1,11,8,7
"475","MCI",3,2,21,9,3,1,1,44,18,771,4,5,0,0,0.72,"20180120","NEW",1,"MCIvNEW20180120","home",1,3,0.142857142857143,0.333333333333333,1,257,Inf,Inf,2,24,"MCI-24","NEW-24",65,52,70,1,15,14,0,0,4.66666666666667,0,3,1,3,10,18
"476","NEW",1,1,6,4,6,0,0,10,0,133,2,10,1,0,0.28,"20180120","MCI",3,"MCIvNEW20180120","away",0,0,0.166666666666667,0.25,0,133,10,Inf,-2,24,"NEW-24","MCI-24",23,-12,22,15,1,-14,0,1,-Inf,1,3,1,20,18,12
"477","SOU",1,0,10,4,1,0,0,20,2,265,2,8,2,0,0.39,"20180121","TOT",1,"SOUvTOT20180121","home",0,1,0.1,0.25,1,265,4,Inf,0,24,"SOU-24","TOT-24",22,-11,24,18,5,-13,0,1,-13,1,0,1,10,14,3
"478","TOT",1,1,17,2,4,0,0,29,9,420,1,15,3,0,0.61,"20180121","SOU",1,"SOUvTOT20180121","away",0,1,0.0588235294117647,0.5,0,420,5,Inf,0,24,"TOT-24","SOU-24",45,25,47,5,18,13,0,0,13,3,1,3,9,15,20
"479","SWA",1,1,3,2,4,0,0,10,3,220,1,5,0,0,0.3,"20180122","LIV",0,"SWAvLIV20180122","home",1,3,0.333333333333333,0.5,0,220,Inf,Inf,1,24,"SWA-24","LIV-24",20,-20,15,20,4,-16,0,1,-5.33333333333333,1,0,3,15,5,10
"480","LIV",0,0,21,4,1,0,0,34,9,683,1,9,2,0,0.7,"20180122","SWA",1,"SWAvLIV20180122","away",0,0,0,0,0,Inf,4.5,Inf,-1,24,"LIV-24","SWA-24",47,25,54,4,20,16,0,0,Inf,3,3,3,1,7,8
